Year,Day,Month,Date,Albany,Big Horn,Campbell,Carbon,Converse,Crook,Fremont,Goshen,Hot Springs,Johnson,Laramie,Lincoln,Natrona,Niobrara,Park,Platte,Sheridan,Sublette,Sweetwater,Teton,Uinta,Washakie,Weston,WY Ave by County,NG Consump MMBtu,Coal Consump MMBtu,Tot Consump MMBtu,$  Per BTU/Mo Albany,WY :Tot Consump MMBtu,ELEC.GEN.ALL-US-99.M,ELEC.GEN.AOR-US-99.M,ELEC.GEN.COW-US-99.M,ELEC.GEN.HPS-US-99.M,ELEC.GEN.HYC-US-99.M,ELEC.GEN.NG-US-99.M,ELEC.GEN.NUC-US-99.M,ELEC.GEN.OOG-US-99.M,ELEC.GEN.OTH-US-99.M,ELEC.GEN.PC-US-99.M,ELEC.GEN.PEL-US-99.M,ELEC.GEN.ALL-WY-99.M,ELEC.GEN.COW-WY-99.M,ELEC.GEN.PEL-WY-99.M,ELEC.GEN.PC-WY-99.M,ELEC.GEN.NG-WY-99.M,ELEC.GEN.OOG-WY-99.M,ELEC.GEN.NUC-WY-99.M,ELEC.GEN.HYC-WY-99.M,ELEC.GEN.AOR-WY-99.M,ELEC.GEN.HPS-WY-99.M,ELEC.GEN.OTH-WY-99.M,ELEC.GEN.TSN-WY-99.M
2001,1,1,1/1/01,17.1,16.6,27.7,18.5,23.7,24.6,16.1,28.1,22.6,25.2,27.8,17.8,23.8,26,23.1,28.5,24.7,12.6,17.9,12,20.6,19.5,24.4,21.69130435,1,42,43,7.92,35.865,332493,6025,177287,-589,18852,42389,68707,718,992,812,17300,4021,3882,3,--,58,1,--,44,26,--,7,--
2001,1,2,2/1/01,20.2,14.6,19.1,21.7,21.1,17.4,17.4,26.1,20.6,18,26.4,16.4,19.8,19.5,18.7,28.2,16.6,14,19.7,16.9,21.7,15.3,17.8,19.44347826,1,40,41,7.92,32.801,282940,5310,149735,-707,17473,37967,61272,676,872,716,9626,3747,3627,2,--,50,1,--,38,23,--,6,--
2001,1,3,3/1/01,29.4,36.2,33.8,32.4,33.6,31.9,35.4,37.5,36.6,33.6,34.8,26.9,32.7,33.7,30.4,38.3,33.6,27,32.5,28,31.6,35.6,33.7,33.00869565,1,43,44,7.92,33.766,300707,5795,155269,-773,20477,44364,62141,769,931,752,10981,4093,3956,2,--,58,1,--,47,22,--,7,--
2001,1,4,4/1/01,38.8,47.1,44.1,42.7,43.4,43,45,46.5,45.4,43.8,43.6,32,43.3,44.9,35.1,47.8,44.1,35.3,41.1,33.9,39,45.6,45.4,42.21304348,1,36,37,7.92,35.60893,278079,5827,140671,-796,18013,45843,56003,698,957,627,10237,3459,3327,2,--,41,1,--,68,13,--,7,--
2001,1,5,5/1/01,48.9,59.4,54.1,52.2,53.3,52.5,56.7,56.4,57.7,55.4,52.5,43,53.9,54.4,46.2,56.4,55.7,46.7,52.3,45.1,50.3,57.6,55.4,52.87391304,0,36,36,7.92,33.21135,300492,5738,151593,-623,19176,50934,61512,785,986,749,9641,3437,3270,4,--,35,1,--,103,16,--,8,--
2001,1,6,6/1/01,59.2,66.2,63.1,61.7,63.5,60.6,64.9,66.6,64.8,63.8,63.5,50,63.1,64.1,52.9,69.7,62.8,53.5,61.6,52.8,58.3,65.4,64.7,61.6,1,38,39,7.92,32.45027,327694,5964,162616,-774,20728,57603,68023,733,978,825,10997,3686,3480,4,--,45,1,--,127,23,--,7,--
2001,1,7,7/1/01,67.3,76.4,73.4,70.8,72.5,70.8,73.7,75.9,73.3,73.4,71.7,60.6,72.9,74.4,64.1,77.2,74,61.8,70.9,60.7,66.2,74.9,74.7,70.93913043,1,43,44,7.92,31.47739,357614,6244,179060,-871,18079,73030,69166,840,1022,992,10050,4128,3909,2,--,50,0,--,136,23,--,8,--
2001,1,8,8/1/01,65,74.2,73.4,67.6,71.3,70.7,72,72.8,72.6,71.9,68.8,61.1,70.9,73.2,63,74.4,72.6,61.3,68.8,60.6,66.1,73.2,74.5,69.56521739,1,43,44,7.92,34.20161,370533,6293,183116,-715,18914,78410,68389,848,1048,994,13235,3901,3690,4,--,50,1,--,126,23,--,8,--
2001,1,9,9/1/01,56.2,63.2,62.2,60,60.8,59.4,62.5,63.2,62.8,61.4,61.4,51.9,60.9,62.8,54.7,63.5,61.2,52.3,59.2,52.4,58.6,62,63.5,59.83043478,1,30,31,7.92,27.4575,306929,5770,154158,-928,15256,60181,63378,767,1004,911,6432,2985,2815,4,--,48,1,--,87,23,--,8,--
2001,1,10,10/1/01,43.2,47,46.7,46,45.7,44.5,46.4,47.4,47.4,44.8,47,37,45.4,46.9,40.3,50.8,45.1,38.1,45.3,38.5,45.4,46.6,47.1,44.89565217,1,39,40,7.92,34.45906,294734,6050,148931,-615,15235,56376,60461,737,1025,961,5573,3657,3496,4,--,52,1,--,34,58,--,13,--
2001,1,11,11/1/01,31.6,37.4,39.6,34.2,37,36.4,35.1,38.5,38.3,38.5,38.8,28.4,37.8,37.4,34,42.7,37.5,29.6,33.8,30.1,32.6,36.7,37.2,35.79130435,1,44,45,7.92,32.4882,278934,5713,144117,-811,15413,44491,62342,699,1040,841,5090,3847,3683,2,--,51,0,--,29,62,--,20,--
2001,1,12,12/1/01,21.1,21.7,26.9,21.9,26.7,25.3,20.6,29.9,23.7,25.4,29.4,14.9,24.5,27.1,20.8,31.5,26.3,9.2,18.3,13,19,21.5,24.7,22.75652174,1,41,42,7.92,28.27687,305496,6038,157402,-623,19346,47541,67431,770,1051,1055,5484,3816,3655,4,--,54,1,--,41,54,--,8,--
2002,1,1,1/1/02,19.9,19.9,25.3,20.3,24.7,23.2,21.5,29,22.3,22.9,27.5,13.8,21.9,25.8,18.9,29,24.8,10,19.3,14,21.2,19.5,23.1,21.64347826,1,41,42,8.03,35.90625,319941,6599,164358,-750,21795,48413,70926,923,988,1257,5434,3847,3705,4,--,55,--,--,34,42,--,7,--
2002,1,2,2/1/02,21,22.6,29,22.1,27.7,26.1,23.5,30.6,27.1,27.6,28.8,17.5,25.6,28.7,21.7,31.2,28.8,11.1,20.8,14.5,21.2,24.1,27.4,24.29130435,1,37,38,8.03,34.79681,281826,5800,143049,-586,20192,44308,61658,760,981,1275,4388,3501,3371,3,--,52,--,--,30,38,--,7,--
2002,1,3,3/1/02,24.6,26.7,22.2,25.9,24.2,22.3,27.8,29,27.1,21.4,28.6,19.6,24.6,23.8,21.7,27.8,21.8,21.2,26.3,21.9,26.3,25.6,23.6,24.52173913,1,41,42,8.03,37.43265,302549,6354,151486,-684,21009,51214,63041,904,1008,1280,6937,3934,3800,3,--,56,--,--,33,35,--,7,--
2002,1,4,4/1/02,40.1,44.4,40.8,43.6,42.2,39.3,43.4,47.3,44.1,40.2,44.2,32.5,41.3,43.9,33.6,48.7,40.5,35.9,41.4,34.6,39.9,43.9,43.1,41.25652174,1,33,34,8.03,26.84509,289848,6543,142305,-585,24247,49146,58437,890,1032,1299,6535,3082,2937,7,--,53,--,--,39,40,--,7,--
2002,1,5,5/1/02,46.6,54.4,49.1,49.8,49.4,48,51.9,53.8,52.6,48.8,50.6,38.8,49.1,50.3,41.4,54.1,49.1,43,49.8,42.5,47.5,53.2,50.5,48.8826087,1,35,36,8.03,26.35276,307675,6760,151406,-539,26663,50275,63032,910,1041,1462,6664,3273,3115,1,--,53,--,--,61,34,--,8,--
2002,1,6,6/1/02,61.6,67.5,65.3,63.6,65.5,63.9,65.3,70.7,65.2,64.5,67.2,51.6,64.5,67.6,53.6,69.4,64.2,54.2,63.3,52.8,59.7,66.1,68.3,63.28695652,1,33,34,8.03,28.59121,341023,7066,164668,-863,28213,65631,66372,1009,1132,1367,6429,3135,2940,7,--,52,--,--,99,30,--,7,--
2002,1,7,7/1/02,67.7,76.6,74.8,71,73.2,74.2,74.2,76.1,74.6,74.1,72.8,62.5,73.3,75.7,65.9,76.1,74.9,63.2,72.4,63.2,67.7,75,77.4,72.02608696,1,41,42,8.03,26.41106,381542,7056,183195,-998,25471,83917,70421,1071,1496,1406,8507,3893,3686,2,--,60,--,--,107,30,--,8,--
2002,1,8,8/1/02,61.9,68.5,66.8,65,65.9,66,65.6,69.6,66.8,66,66.4,56.6,65.7,69.3,56.3,70.1,65.6,56.6,65.2,55.7,63,67.1,69.8,64.76086957,1,40,41,8.03,27.85711,374586,7044,179955,-935,21084,84477,70778,1117,1329,1543,8194,3841,3653,4,--,64,--,--,78,34,--,7,--
2002,1,9,9/1/02,55.2,60.5,60.1,57,58.6,58.5,59.2,61.4,60.3,58.2,59.1,48.7,58,60.9,51.2,61.3,58.7,50.2,56.8,49.2,55.7,59.5,61.4,57.37826087,1,40,41,8.03,25.88835,331279,6582,165366,-777,17087,68161,64481,1053,1250,1405,6670,3786,3628,2,--,84,--,--,36,34,--,3,--
2002,1,10,10/1/02,37.2,40.8,39.3,39.4,39,38,39.9,41.8,41.1,38.6,40.8,33.4,38.9,40.8,34.5,42.2,38.6,34.8,40,34.8,40.3,39.9,40.6,38.9,1,39,40,8.03,25.33058,307059,6559,159099,-681,17171,54201,60493,908,1193,1206,6910,3744,3598,4,--,80,--,--,20,39,--,4,--
2002,1,11,11/1/02,27.2,30.5,35.3,29.9,32.8,33.7,28.4,35.1,32.3,33.4,33.9,22.9,31,34.4,28.3,37.3,35.1,22.1,28,23.2,28.2,30.9,34.4,30.79565217,1,39,40,8.03,20.11726,296290,6250,156054,-666,19730,45161,61520,894,1060,1113,5174,3673,3551,2,--,48,--,--,20,45,--,6,--
2002,1,12,12/1/02,23.6,17.1,30.4,25.9,30.2,28.9,20.1,31.5,25.6,29.2,31.9,19.3,27.7,30.3,24.3,34.6,28.5,16.3,24.5,17.8,25.7,21.4,28.7,25.80434783,1,43,44,8.03,42.51,324834,6497,172190,-680,21669,46100,68905,1025,1015,1252,6859,4074,3939,2,--,56,--,--,26,46,--,6,--
2003,1,1,1/1/03,29.5,21.7,28.9,29.9,31.8,26.1,27.3,32.5,29.4,29.5,34.5,23.6,30.7,29.1,27.5,35,29.2,21.2,28,21.3,31.1,26.2,26.7,28.29130435,0,44,44,8.8,40.265,341989,6500,181313,-802,20600,50176,69211,1283,1066,1124,11518,4081,3973,2,--,41,--,--,20,45,--,--,--
2003,1,2,2/1/03,19.7,21.4,23,22.7,22.3,20.4,18.3,25.7,21.9,23.3,25.5,16.5,21.3,23.4,20,26.9,22.7,13.1,22.4,15.2,21.4,21.1,22.1,21.3173913,0,39,39,8.8,40.758,299249,5962,156982,-759,19780,43547,60942,1132,893,1030,9740,3577,3479,3,--,44,--,--,18,33,--,--,--
2003,1,3,3/1/03,30.4,33.5,31.6,33.8,33.8,30,35.5,36.5,35.3,32.2,35.7,24.3,33,34.3,27.9,38.6,31.1,27.2,32.8,27.3,31.7,33.8,33,32.3173913,0,40,40,8.8,45.11688,304317,6719,155002,-778,24202,46699,59933,1267,1051,876,9347,3805,3697,4,--,29,--,--,27,48,--,--,--
2003,1,4,4/1/03,40.3,50.6,48.2,43.8,46.6,46.4,47.6,49.1,48.4,48.2,45.6,33.1,45.4,47.4,38.2,49.6,48,37.3,42.7,35.3,40,48.5,48.4,44.72608696,0,34,34,8.8,42.26441,285756,6674,141960,-546,24759,45195,56776,1305,1052,1267,7314,3090,2993,4,--,27,--,--,43,23,--,--,--
2003,1,5,5/1/03,47.9,54.9,51.7,50.5,52.7,50.9,54.1,56.4,54.3,52.1,52.9,41.3,51.8,53.9,44,55.8,51.5,44.8,51.1,43.7,49,53.8,54.1,51.00869565,0,34,34,8.8,43.42426,307545,6473,150263,-597,29395,49373,62202,1310,1073,1212,6841,3181,3073,5,--,13,--,--,66,24,--,--,--
2003,1,6,6/1/03,54.4,63.5,58.9,57.8,58.8,57.7,60.4,62.4,61,58.8,57.8,48.5,58,60.4,50.2,61.6,59.6,52,57.7,50.6,55.7,61.8,60.4,57.73913043,0,38,38,8.8,43.10033,328694,6678,162285,-762,28586,54453,64181,1235,1038,1465,9534,3451,3315,6,--,11,--,--,99,19,--,--,--
2003,1,7,7/1/03,68.5,77.6,73.8,71.6,73.7,72.4,75.4,76.6,74.9,75.1,73.5,63.8,72.9,76.2,67.1,77,74.2,63.6,73.2,63,69.3,75.7,77,72.43913043,0,42,42,8.8,42.81371,374396,7009,181852,-745,24843,76938,69653,1292,1353,1659,10542,3952,3776,3,--,35,--,--,126,12,--,--,--
2003,1,8,8/1/03,65.6,75.2,75,69.6,72.2,73.7,73.3,73.8,73.9,74.6,70.1,60.2,72.3,74.7,63.4,74.4,73.7,61.8,69.9,61.7,66.1,74.3,76.8,70.70869565,0,41,41,8.8,40.07885,381816,6790,185332,-806,22972,83250,69024,1284,1493,1642,10836,3761,3622,5,--,32,--,--,88,14,--,--,--
2003,1,9,9/1/03,51.7,57.5,57.3,54.7,55.1,55.4,56.5,58.3,57.2,56.4,56.1,46.9,55,58.1,49.4,59.7,56.8,48.5,54.9,48.4,54.4,56.4,58.3,54.91304348,0,39,39,8.8,41.00083,323136,6537,164910,-769,18480,59090,63584,1309,1331,1549,7114,3539,3460,3,--,14,--,--,39,22,--,--,--
2003,1,10,10/1/03,46.2,50.6,51.6,48.7,49,48.7,50.9,51.5,51.3,50.6,51.8,41.9,48.9,51.2,45,53.5,51.2,42.8,48.8,42.3,49.1,50.1,51.6,49.01304348,0,40,40,8.8,42.40486,306741,6548,159323,-615,18428,51824,60016,1291,1315,1640,6970,3557,3481,4,--,15,--,--,23,35,--,--,--
2003,1,11,11/1/03,26,25.2,27.2,25.7,27.6,25.8,24.1,32.4,25.9,27,32.3,17.5,25.9,28.4,21.6,35.8,26.8,15.6,23.5,18.2,23.6,24.9,26.6,25.54782609,0,41,41,8.8,45.77341,297867,6531,158223,-695,19715,45328,59600,1451,1234,1541,4939,3757,3677,3,--,11,--,--,22,44,--,--,--
2003,1,12,12/1/03,23.5,25.4,28.9,25.8,28.5,27.9,24.5,30.6,27.2,28.4,30.5,19.9,27.7,29.1,24,32.6,27.2,16.9,23.1,19.2,24.2,24.8,27.2,25.96086957,0,42,42,8.8,47.52945,331680,7067,176291,-661,24044,44035,68612,1441,1146,1666,8040,3876,3793,3,--,9,--,--,23,48,--,--,--
2004,1,1,1/1/04,23.5,12.6,25,24,27.7,21.7,17.3,28.8,20.1,23.8,30.3,17.2,25.6,26.4,22,31.5,21.1,10.3,16.8,13.8,20,14.1,23.1,21.59565217,0,42,42,10.31,44.55688,346546,6888,180657,-768,22983,48253,70806,1182,1110,1925,13509,3966,3818,5,--,7,1,--,49,77,--,9,--
2004,1,2,2/1/04,21.4,26.2,29.8,23.4,27.2,26.2,22.8,30.2,26.5,29.4,28.5,18.2,24.9,28.8,23.2,31.8,28.7,11.7,18,17.4,19,24.1,28,24.5826087,0,39,39,10.31,45.93903,314280,6489,161503,-692,20914,50320,64102,1194,1084,1665,7701,3703,3587,4,--,7,1,--,49,46,--,9,--
2004,1,3,3/1/04,34.9,41.5,38.9,37.6,38,37,37.4,42.2,40.3,38.7,40.6,30.2,36.6,39.6,33.5,43.7,39,28.1,35.5,31,35.6,40.2,39.2,37.36086957,0,40,40,10.31,45.42909,308812,7001,154288,-653,22914,49801,63285,1292,1152,1634,8098,3780,3645,4,--,8,1,--,49,63,--,9,--
2004,1,4,4/1/04,40.4,48.8,46,43.1,44.4,45,45.8,48.1,47,45.3,44.8,35.3,43.8,46.8,38.3,49.9,46,38.9,42.6,37.9,41.3,47,47.7,44.09565217,0,36,36,10.31,45.49732,290560,6895,141471,-669,20888,51822,58620,1345,1145,1641,7400,3375,3251,5,--,10,1,--,49,50,--,9,--
2004,1,5,5/1/04,49.1,55,52.6,52,52.9,51.3,53,57.1,53.4,52.5,54,39.2,51.8,54.8,42.2,58.9,52,43.7,50.2,42.3,47.1,53.9,54.5,51.02173913,0,31,31,10.31,43.93281,327380,7339,157016,-689,24020,62022,64917,1302,1216,1725,8511,2917,2782,4,--,9,1,--,49,63,--,9,--
2004,1,6,6/1/04,55.1,63.2,59.6,59.4,59.3,57.4,60.7,63.2,60.8,59.3,59.5,48.7,58.2,60.7,49.6,63.3,59.4,51.9,58.9,50.8,57,61.8,61.3,58.22173913,0,39,39,10.31,37.55405,345085,7098,167642,-718,25252,64686,67734,1333,1217,1657,9185,3641,3535,4,--,6,1,--,49,37,--,9,--
2004,1,7,7/1/04,61.8,71.9,69.5,65.8,67.4,67.8,68.1,70.4,69.1,69,66.6,56.9,67.5,69.9,60.1,69.5,68.6,59.2,66.7,58.2,63.4,69.9,71.1,66.45217391,0,41,41,10.31,35.43402,377332,7267,181492,-693,23318,79290,71975,1284,1301,1761,10337,3765,3664,5,--,6,1,--,49,31,--,9,--
2004,1,8,8/1/04,58.8,67.3,65.3,62.5,64,63.2,65.2,67,65.7,65.3,64.1,54,63.8,66.6,55.7,67.7,65.1,55.7,63.3,55.9,60.7,66,67.4,63.05652174,0,45,45,10.31,34.53273,368439,7027,178181,-818,21592,77821,71068,1290,1200,1893,9185,4018,3917,3,--,7,1,--,49,33,--,9,--
2004,1,9,9/1/04,53.3,59.3,59.8,56.4,58.4,59.1,58.5,61.2,59.1,58.5,58.7,45.4,58,62,49,62.3,57.8,48.1,55.2,48.2,53.6,58.3,61.9,56.61304348,0,43,43,10.31,40.05895,335622,6697,164253,-770,20525,67854,65932,1341,1113,1607,7070,4001,3890,2,--,6,1,--,49,44,--,9,--
2004,1,10,10/1/04,43.3,47.7,48,46.1,46.6,46.3,46.7,49.1,48.1,47.1,47.6,36.2,46.2,48.6,40.4,49.8,46.5,39.3,44.5,38.5,43.2,47.4,48.8,45.47826087,0,40,40,10.31,40.665,312450,6851,157605,-703,18863,57229,62530,1269,1141,1738,5928,3765,3643,5,--,6,1,--,49,51,--,9,--
2004,1,11,11/1/04,28.8,33.7,36.2,31.8,33.4,34.6,32,35.3,34.4,35.5,34.6,24.1,33.2,35.1,30,37.3,35.7,26.3,30.3,26,29.2,33.6,35.2,32.44782609,0,42,42,10.31,43.177,302101,6492,157436,-665,20937,49693,58941,1216,1177,1604,5270,3923,3807,3,--,7,1,--,49,46,--,9,--
2004,1,12,12/1/04,23.3,26.4,30.7,25.5,28.8,29.3,25.5,30.7,28.3,29.4,31.1,18.4,28.2,30.5,24.4,32.8,30.3,19.3,25.2,19.8,25.2,25.9,28.5,26.84782609,0,41,41,10.31,42.409,341948,7024,176755,-650,26211,51310,68617,1205,1376,1903,8197,3954,3807,3,--,9,1,--,49,76,--,9,--
2005,1,1,1/1/05,27.8,20.2,24.1,28.4,27.4,22.7,24.4,29.8,24.5,24.3,31.5,21.4,27.2,24.6,23.8,31.5,21.5,18.2,26,20.4,26.5,22.4,22.6,24.83478261,0,41,41,12.94,41.28193,343121,7004,177014,-725,24272,51338,69828,1126,1075,1929,10261,3847,3734,4,--,9,0,--,28,68,--,5,--
2005,1,2,2/1/05,24.6,28.3,31.7,26.2,32,30,30.2,34.1,30.5,30.2,32.3,20.7,30.6,33.5,26,35.3,30.1,14.4,23,17.4,24,28.9,31.7,28.07391304,0,37,37,12.94,42.07314,298500,6221,155818,-346,21607,44913,60947,1076,950,1740,5575,3511,3423,4,--,7,0,--,24,48,--,5,--
2005,1,3,3/1/05,30.6,37.7,35.9,33.7,35.7,35,36.9,39.1,38,36.7,35.9,24.9,35.2,36.3,29.2,40.4,37.8,26.1,31.6,27.2,31.6,36.5,36.9,34.3,0,40,40,12.94,40.82538,317458,7369,163613,-497,22936,51897,61539,1214,1036,1880,6472,3835,3713,3,--,10,0,--,30,74,--,6,--
2005,1,4,4/1/05,38.1,45.8,43.8,41.3,42.8,42.9,44.2,46,44.8,43.3,42.6,32.4,41.8,45.1,35.5,46.2,43.6,35.9,40.5,35.6,39.1,44.4,45.5,41.79130435,0,33,33,12.94,42.77382,289562,7201,143083,-338,23058,52016,55484,1121,983,1679,5273,3163,3049,3,--,8,0,--,41,57,--,5,--
2005,1,5,5/1/05,46.4,53.8,49.2,49.8,49.8,48.7,52,53.5,52.2,49.7,51,40.5,49.5,51.3,41.8,52.8,49.8,44.4,49,43.2,47.8,52.7,51.6,49.15217391,1,31,32,12.94,44.49539,315062,7544,153958,-466,27279,54826,62970,1191,1046,1891,4823,3052,2835,5,--,26,28,--,99,53,--,6,--
2005,1,6,6/1/05,56,63.9,62.9,58.7,61.6,62,61.4,65.4,61.7,62.4,60.9,45.6,60.7,63.9,50.3,65.1,61.5,50.2,57.1,48.8,53.6,62.6,64.5,59.16521739,1,40,41,12.94,41.25522,363672,7636,174867,-415,26783,75635,66144,1149,1087,2043,8740,3959,3674,5,--,41,33,--,148,52,--,5,--
2005,1,7,7/1/05,66.4,74.9,72.7,69.6,71.9,71.4,73.4,74.4,72.9,71.4,70.9,60.2,71.5,73.4,63.8,75.2,72.1,60.7,70.1,60,66.5,73.8,75,70.09565217,1,42,43,12.94,43.41625,402274,7565,186091,-625,25957,96819,71070,1161,1203,1995,11039,4125,3818,3,--,53,33,--,175,35,--,6,--
2005,1,8,8/1/05,61.7,69.1,67.7,64.5,66.7,66.6,67.5,68.8,67.4,66.3,66.1,56.5,66.1,68.8,58.1,69.4,66.3,57.5,65.2,57.2,62.4,68,70,65.12608696,1,42,43,12.94,47.05697,404941,7236,187574,-623,21566,100787,71382,1172,1321,2114,12414,4298,4037,2,--,56,38,--,122,37,--,6,--
2005,1,9,9/1/05,55.3,59.5,61.7,56.7,59.9,60.2,59.4,62.6,59.5,59.4,60.9,47,59.2,63,50.2,63.1,58.8,48.3,55.3,47.8,53.4,58.9,63.1,57.53043478,1,39,40,12.94,44.76744,350218,7294,171656,-680,17364,73355,66739,1145,1065,1827,10452,3796,3609,5,--,38,36,--,57,46,--,5,--
2005,1,10,10/1/05,44.8,48.3,49.3,47.4,48.2,47.2,48.6,48.7,48.3,48,48.4,39.3,48.5,49.2,43.9,50.3,47.5,40.8,46.5,40.9,45,48,49.4,46.80434783,1,42,43,12.94,45.12258,316398,7182,162437,-611,18006,55941,61236,1080,949,1793,8385,4034,3887,4,--,27,35,--,26,50,--,5,--
2005,1,11,11/1/05,32.6,34.8,38.6,34.4,38.3,36.1,35,40.3,35.3,36.5,39.2,24.9,36.4,39.7,30.7,41.3,36.8,27.5,33,25,33,34.8,38.3,34.89130435,1,42,43,12.94,42.74093,306115,7322,158798,-554,19353,49440,62913,965,1012,1668,5199,3934,3747,2,--,25,29,--,28,98,--,5,--
2005,1,12,12/1/05,20.1,18,24.4,21.7,24.3,20.8,19.4,25.3,21.6,22.9,26.8,15.1,23.3,24,21.1,29.2,21.9,13.9,19.6,14.2,22.3,17.3,21.4,21.24347826,1,42,43,12.94,39.93071,348101,7756,177965,-678,22141,53993,71735,1062,1094,1827,11207,4013,3820,3,--,26,30,--,30,98,--,5,--
2006,1,1,1/1/06,25.1,30.5,36.9,26.7,32.7,33,28.8,35.1,31,32.9,34.9,18,29.9,35.3,25.7,37.5,34,14.8,23.9,17.2,24.4,30.8,33.1,29.22608696,1,43,44,14.55,43.82226,328658,8435,169236,-533,27437,43807,71912,1157,1072,1890,4246,4136,3922,2,--,44,31,--,30,104,--,4,--
2006,1,2,2/1/06,19.6,24.1,26.8,21.2,23.6,23.6,23.2,26.1,25.3,23.9,26.2,16.1,22,24.5,19.1,27.6,25.7,11.3,20.2,14.3,21.7,23.6,23.7,22.32173913,1,38,39,14.55,39.38625,307333,7374,158616,-447,24762,47409,62616,1114,966,1667,3257,3638,3441,3,--,46,31,--,26,88,--,4,--
2006,1,3,3/1/06,27.4,36.7,33.8,30.7,33.6,33.2,34.5,34.6,36,34.4,32.5,21.5,33.3,33.5,27.3,35.1,34.8,21.3,30,22.6,27.5,36,34.9,31.53043478,1,43,44,14.55,42.56181,318730,8199,161325,-435,24625,54922,63721,1234,1127,1607,2407,4077,3904,4,--,47,34,--,32,51,--,5,--
2006,1,4,4/1/06,42,50.5,46.8,45,46.8,45.8,46.9,49.7,48.1,47.4,46.8,34.4,46.4,48.5,38.6,51.5,46.6,37.8,42.9,37.1,41.5,48,48.8,45.12608696,1,32,33,14.55,36.82074,297858,7860,141426,-587,28556,56091,57567,1180,1075,1651,3039,3193,2946,1,--,43,30,--,103,65,--,4,--
2006,1,5,5/1/06,49.6,58.1,54.3,52.9,54,53.5,55.9,57.3,55.6,54.4,54.1,43,53.5,55.3,46.6,57.9,54.2,46,52.3,45,50.2,56.3,56.1,52.87391304,1,29,30,14.55,34.04007,330616,8036,157010,-444,30818,65586,62776,1295,1119,1518,2902,2907,2633,4,--,36,24,--,147,59,--,4,--
2006,1,6,6/1/06,61.4,69.5,66.8,64.7,67.7,64.3,67.8,69.8,66.4,66.5,66.4,52.5,66.4,68.8,56.1,70.4,65.6,55.8,64,54.7,59.9,68.2,68.9,64.46086957,1,35,36,14.55,29.77082,364260,7782,169693,-423,29757,81060,68391,1167,1065,1706,4060,3430,3197,8,--,38,25,--,120,39,--,4,--
2006,1,7,7/1/06,67.5,77.1,75.8,71,74.3,74.3,75.6,76.4,74.3,75,71.9,63,74.6,76.6,67.2,77.1,75.4,64,72,63.2,68.7,75.5,77.7,72.53043478,1,41,42,14.55,30.54318,410421,8121,187821,-638,25439,108094,72186,1267,1127,1881,5121,4083,3811,5,--,43,26,--,163,32,--,4,--
2006,1,8,8/1/06,63.5,71.4,70,66.1,69.1,68,69.4,72,68.7,69.5,68,57.4,68.7,71.5,59.7,71.6,69.6,58.1,65.9,56.9,62.6,70.2,71.6,66.93478261,1,43,44,14.55,39.548,407763,7894,189455,-695,21728,106592,72016,1292,1121,1788,6571,4207,3983,3,--,44,23,--,114,37,--,4,--
2006,1,9,9/1/06,49.1,57.5,56,53.2,53.8,53.6,56.1,55.6,56.8,54.9,53.8,45.6,54.2,56.1,50,56.6,55.7,48.5,52.9,48.2,51.3,56.3,56.4,53.57391304,1,41,42,14.55,36.526,332055,7720,161590,-629,17201,72673,66642,1153,1058,1602,3043,3915,3788,2,--,33,10,--,39,38,--,4,--
2006,1,10,10/1/06,39.3,44.6,44.4,41.8,43.9,41.7,44.7,46.3,44.8,44,45.2,35,44,44.7,39,49.2,43.4,38.3,41.9,36.7,41.5,44.3,44.3,42.73913043,1,40,41,14.55,38.859,321567,8295,161390,-507,17055,70640,57509,1185,1107,1538,3354,3884,3706,6,--,43,25,--,21,78,--,4,--
2006,1,11,11/1/06,32,34.2,35.2,34,35,32.5,35.4,35.3,35.5,35.6,36.7,22.8,35.1,35.8,29.4,38.5,34.9,24.8,31.5,25.7,30.7,34.8,34.7,33.04782609,1,42,43,14.55,39.40532,309159,8304,159440,-553,20272,53440,61392,1065,1052,1392,3355,4013,3832,2,--,39,23,--,24,88,--,4,--
2006,1,12,12/1/06,20.4,21.3,29.2,21.3,27.5,27.4,24.6,28.9,25.5,27.4,29.1,17.5,26.8,29.1,23.8,29.4,27.6,15.1,21.7,14.9,22.9,22.6,27.2,24.4,1,41,42,14.55,37.21816,336283,8505,173509,-667,21596,56128,70490,1068,1084,1466,3105,3915,3728,5,--,45,28,--,25,80,--,4,--
2007,1,1,1/1/07,10.9,13.6,23.1,12.9,19.6,20.7,14.8,22,16.9,19.8,22.2,14.2,18.4,22.2,18.1,24,21.1,8.8,12.7,8,17.1,12.7,20.7,17.15217391,1,41,42,14.95,37.63299,353531,8668,175739,-572,26045,61475,74006,1154,1022,1574,4420,3976,3771,2,--,64,34,--,22,77,--,6,--
2007,1,2,2/1/07,26,21.3,23.8,27.6,26.3,21.2,29.5,27.8,25.5,23.8,28.9,19.6,27.1,24.7,24.4,29.6,22.9,20,26.4,21.1,26.7,21.1,22.8,24.7,1,36,37,14.95,36.41063,323230,7877,163603,-447,18567,57622,65225,981,919,1287,7596,3499,3295,4,--,58,24,--,19,94,--,5,--
2007,1,3,3/1/07,34.9,41.6,41.5,37.6,40.5,40,41.5,43.3,41,40.9,41.2,29.6,39.8,42.3,34.4,44.8,39.7,30.5,36.5,31,35.1,40.6,42.2,38.7173913,1,37,38,14.95,40.11656,320471,8778,159811,-458,24163,56204,64305,1234,1018,1297,4118,3547,3351,3,--,58,31,--,27,71,--,7,--
2007,1,4,4/1/07,38.1,45.8,41,42.1,41.7,40.2,44.5,43.9,43.9,42.1,41.6,33.5,41.6,42.3,36.6,45.3,41,37.1,41.7,36.7,40.4,44.6,43,41.24782609,1,31,32,14.95,38.69322,303129,8693,146250,-374,23891,60153,57301,1163,972,1250,3830,3028,2812,5,--,47,21,--,84,52,--,7,--
2007,1,5,5/1/07,49,58.4,55.1,52.1,54.2,55,55.4,57.9,55.4,55.3,53.6,43.4,53.7,57.2,47,57.5,54.6,46.4,51.7,45.8,49.8,57,58.2,53.20434783,1,36,37,14.95,39.7869,330203,8621,157513,-547,26047,66470,65025,1175,1026,1384,3489,3433,3239,6,--,49,28,--,66,44,--,2,--
2007,1,6,6/1/07,58.6,67.5,63.4,62.1,63.8,62.8,66,67.6,65.4,63.4,63.5,53,62.8,66.9,55.8,66.7,62.2,56.2,63.5,55.1,60.1,66.1,66.6,62.56956522,1,41,42,14.95,36.25791,362755,8549,173513,-523,22817,81511,68923,1154,1034,1564,4213,3946,3722,3,--,42,23,--,110,43,--,4,--
2007,1,7,7/1/07,67.5,79.1,75.2,71.3,74,73.6,75.1,76.6,75,75.1,72.2,64.4,73.7,77.2,68.4,73.9,75,65.5,72.9,66,69.6,76.9,78,72.87826087,1,42,43,14.95,42.50402,393226,8371,185054,-595,22478,97483,72739,1154,1049,1369,4125,4086,3846,3,--,39,23,--,146,23,--,6,--
2007,1,8,8/1/07,65.3,72.9,71.9,68,70.5,70.1,70.5,74.1,70.3,70.2,70.4,60,69.8,73.6,61.1,76.2,69.9,60.5,68.6,59.9,66.4,71.6,74.2,68.95652174,1,43,44,14.95,42.99545,421797,8895,190135,-651,19941,121338,72751,1132,1070,1485,5702,4215,3951,3,--,42,23,--,149,40,--,7,--
2007,1,9,9/1/07,55.6,61,61.6,58.4,60,59.1,59.5,62.5,59.6,59.3,59.7,48.9,58.8,63.1,51.5,65.4,59.3,50.7,56.7,51.2,54.8,59.9,62.9,58.23913043,1,41,42,14.95,40.89123,355394,8843,169391,-743,14743,88532,67579,1120,995,1289,3647,3918,3742,3,--,50,24,--,43,52,--,4,--
2007,1,10,10/1/07,43.8,47.7,48.7,45.4,47.3,46.6,47.4,50,47.6,47.4,49.2,36.7,47,49.3,40.5,52.5,48.1,39.7,45.9,39,43.9,47.2,49.4,46.1,1,41,42,14.95,36.76055,332615,9362,162234,-760,14796,78358,61690,1134,1055,1189,3558,3909,3732,6,--,43,26,--,25,70,--,7,--
2007,1,11,11/1/07,33.2,35.4,36.4,36.5,36,33.7,35,38.5,34.9,35.2,37.8,26.8,35.8,36.8,31,40.7,35.6,28.9,34.4,27.8,34.8,34.6,36,34.6,1,41,42,14.95,36.83782,314103,9029,159382,-662,15682,60637,64899,1031,967,1135,2001,3946,3760,4,--,41,23,--,21,90,--,7,--
2007,1,12,12/1/07,17,17.4,22.4,18.9,21.2,20.6,14.3,22.4,17.9,20.7,23.1,12.8,20,21,17.2,25.5,22.5,13,17.8,15.9,19.7,16.2,19.4,18.99565217,1,43,44,14.95,35.07435,346290,9553,173830,-565,18342,66808,71983,1022,1103,1412,2803,4131,3907,5,--,61,32,--,20,99,--,6,--
2008,1,1,1/1/08,15.4,14.8,21.3,16.5,21,18.2,13.7,22.8,17.2,20.5,23.3,11.2,18.4,20.5,17.1,26,20.1,6,12.6,11.3,14.6,14.7,18.2,17.19130435,1,43,44,17.86,34.63459,362998,10243,182876,-746,20779,72600,70735,1063,951,1366,3131,4152,3936,5,--,52,32,--,53,67,--,7,--
2008,1,2,2/1/08,19.6,25.5,25.6,21.1,26.4,21.5,26.4,29.6,28.3,25.8,28.8,17.8,25.5,26.9,23.1,30.9,26.1,14,20.9,18,21.9,26.2,24.4,24.1,1,40,41,17.86,37.22147,325106,9349,166666,-451,18789,60042,65130,972,939,1231,2438,3906,3684,4,--,50,32,--,50,81,--,6,--
2008,1,3,3/1/08,27.1,34.6,32.9,28.1,33.4,31.1,33.2,38.4,33.6,32.4,34.6,20.4,30.8,35.1,24.7,38.4,33,20.6,27.4,21.3,26.6,33.8,34.4,30.69130435,1,41,42,17.86,29.34128,324630,10703,160743,-553,21669,62171,64716,1049,980,1039,2112,3972,3738,4,--,48,30,--,63,82,--,6,--
2008,1,4,4/1/08,34.1,40.1,39.6,36.3,38.7,38.7,40.2,43,39.1,38.7,39.7,25,38.4,41.3,31.7,44,38.7,28.2,35.3,28.1,32.5,38.7,41.7,37.03478261,1,34,35,17.86,29.15823,305865,10971,146983,-132,22234,63046,57333,1021,1008,1126,2274,3297,3089,3,--,40,22,--,74,63,--,6,--
2008,1,5,5/1/08,45.3,53.2,49.2,48,49.1,48.1,50.8,53.5,50.8,49.3,50.4,38,48.7,51,42.1,53.8,50.3,42.4,46.9,41.6,45.1,51.6,51.2,48.27826087,1,34,35,17.86,27.89221,325245,11100,154916,-587,27221,62270,64826,1044,1057,1055,2343,3298,3102,3,--,41,23,--,88,37,--,4,--
2008,1,6,6/1/08,55.7,62.9,59.1,57.7,59.5,58.2,60.8,63.5,60.6,59.3,60.7,47.2,58.4,61.7,50.8,64.5,58.2,51.1,58,50.3,55.5,61.4,61.6,58.1173913,0,37,37,17.86,24.49888,373109,11145,171043,-372,29177,84620,70319,1132,1082,1255,3707,3612,3381,7,--,35,21,--,110,51,--,7,--
2008,1,7,7/1/08,65.5,73.1,70.9,69,70.9,68.6,72.4,73.4,71.5,71.1,71.1,60.9,70.7,73.1,64.1,73.7,70.2,61.2,70.2,60.6,66.5,72.5,72.8,69.30434783,1,43,44,17.86,42.007,402900,10333,186733,-799,25555,100321,74318,1174,1108,1174,2983,4171,3962,2,--,38,21,--,100,41,--,7,--
2008,1,8,8/1/08,62.5,70.8,70.3,66.1,68.1,67.6,69.4,69.7,69.5,69.7,66.2,58.5,68.3,71,60.7,70,70.1,58.6,66.9,59.2,64.1,70,71.8,66.9173913,0,43,43,17.86,40.788,388987,9514,180576,-648,21229,99673,72617,1147,1066,1264,2547,4144,3941,5,--,36,23,--,81,51,--,8,--
2008,1,9,9/1/08,51.9,56.8,56.7,54.5,55.6,54.6,55.9,58.2,56.5,55.8,56.5,47.4,55,58.8,48.9,58.8,55.3,48.3,54.3,48.8,53.7,56.3,58.1,54.63913043,0,41,41,17.86,44.045,338056,8924,161356,-517,16178,79136,67054,823,931,1181,2990,3984,3821,1,--,30,12,--,60,53,--,7,--
2008,1,10,10/1/08,41.5,45.6,46,44.7,44.6,43.8,44.7,47,45.1,45.6,46.7,37.4,44.9,46.4,41.8,49.8,45.9,39.6,44.1,38.7,44.2,44.6,47.5,44.35652174,1,39,40,17.86,42.18533,318547,10647,151841,-497,15470,73283,62820,806,891,1343,1943,3777,3565,3,--,39,23,--,49,91,--,7,--
2008,1,11,11/1/08,34.3,38.3,38.9,37,38.4,36.9,37.7,41.1,38.3,39,40.2,27.9,38.9,38.5,34.2,42.9,39.2,31.2,35.8,30.1,35.5,37.9,38.1,36.96956522,1,38,39,17.86,41.30594,310046,10782,154281,-489,15668,61454,63408,721,875,1154,2191,3773,3524,4,--,38,22,--,49,133,--,2,--
2008,1,12,12/1/08,20.3,14.8,19.2,22.2,21.1,16.8,20.9,24.1,19.2,18.1,24.7,14.2,20.4,20.2,17.3,26.2,17,15.1,21,17,22.6,15.5,17.7,19.37391304,1,44,45,17.86,43.23078,343898,12390,167786,-498,20861,64364,72931,753,917,1137,3257,4413,4064,1,--,48,28,--,59,213,--,0,--
2009,1,1,1/1/09,24.1,17.2,25.4,24.4,26.1,23.3,25.9,28.5,24.2,24.9,29.5,19.2,25.9,26.5,23.8,29.6,24.8,16.9,23.9,16.3,26,19.6,23.6,23.89565217,1,44,45,13.64,41.44132,354993,11739,171925,-501,23490,66390,74102,807,936,1136,4968,4377,4030,2,--,53,23,--,75,194,--,0,--
2009,1,2,2/1/09,26.3,24.8,31,28.1,30.8,28.8,30.7,33.2,30.7,30.7,33.3,19.4,30.2,31.4,25.7,36,30.1,15.9,26.4,19.3,25.6,27.4,30.1,28.0826087,1,39,40,13.64,43.27066,300887,11231,140916,-413,17812,62139,64227,784,875,1051,2267,3876,3561,2,--,47,27,--,61,177,--,1,--
2009,1,3,3/1/09,30.9,33.9,33.3,33.2,33.1,31.4,32.3,37.1,32.8,32.5,36.1,23.5,32.7,34.6,27.2,40.1,31.7,23.7,31.2,25.4,29.3,33.4,34.8,31.92173913,1,39,40,13.64,43.62571,310603,12950,135530,-315,21827,68203,67241,834,984,1260,2089,3965,3571,3,--,52,30,--,71,235,--,5,--
2009,1,4,4/1/09,35.6,44,40,39.1,39.2,39,41.9,42.6,42.2,41.3,40.2,31.2,38.8,40.7,35.2,43.5,41.6,35.1,38.7,34.8,37.2,42.5,41.9,39.40434783,1,27,28,13.64,43.01189,289537,12986,125935,-272,25770,61159,59408,758,987,1148,1658,2807,2503,5,--,45,25,--,95,128,--,6,--
2009,1,5,5/1/09,48.5,56.2,52.3,51.6,52.3,51.5,54.5,56.1,54.1,53.1,53.2,40.9,51.9,54.2,44,56.4,52.9,45,51.3,44.4,49.3,54.8,54.4,51.43043478,1,29,30,13.64,40.89754,311306,11864,131673,-349,29560,68146,65395,773,1035,1156,2053,2930,2618,3,--,39,22,--,107,139,--,2,--
2009,1,6,6/1/09,55.1,61.6,59.3,58,59.2,57.9,58.5,63,59,58.5,59.3,45.7,57.9,61,49,62.7,57.9,51,56.5,50.7,53.4,60.2,61.3,57.24782609,1,31,32,13.64,45.55317,347658,11467,148087,-226,29233,84205,69735,876,1038,1153,2090,3168,2840,9,--,35,23,--,116,138,--,8,--
2009,1,7,7/1/09,62.3,71,67.9,65.6,67.1,65.4,68.3,69.2,68.4,67.1,65.8,57.4,66.6,68.6,59.6,69.7,67.8,59.5,67.1,58.6,63.9,69.6,70,65.93478261,0,42,42,13.64,45.97507,372542,11187,158234,-491,23385,101894,72949,966,1061,1234,2124,4154,3913,5,--,16,8,--,102,103,--,7,--
2009,1,8,8/1/09,59.9,67.9,66.8,63.1,65.3,63.3,66.1,67.2,65.3,65.4,64.9,55.2,64.1,67.3,57.2,67.8,65.9,56.6,64.1,56.8,61.4,66.4,67.9,63.73478261,1,40,41,13.64,45.03788,381221,11791,163260,-613,19580,109240,72245,1012,1064,1193,2449,3934,3688,5,--,33,22,--,83,96,--,7,--
2009,1,9,9/1/09,54.6,63.9,63.4,58.8,60,60.2,62,60.8,62.8,62.7,58.5,53.1,59.1,62.2,56.1,61.7,62.3,53.4,59.3,54.5,57.6,62.6,63.6,59.70434783,1,39,40,13.64,43.02638,327401,10524,137145,-348,17359,92127,65752,1022,967,1176,1677,3822,3562,5,--,33,24,--,63,129,--,7,--
2009,1,10,10/1/09,34.7,38.3,37.2,37.5,37,35.7,37.4,39.7,38.4,36.2,38,29.1,36.1,38.5,31.6,43,37.2,32.6,37,33,37.6,37.9,38.7,36.62608696,1,43,44,13.64,42.7992,307040,12668,139956,-385,19691,72603,58021,960,967,746,1815,4347,3961,4,--,40,24,--,59,252,--,6,--
2009,1,11,11/1/09,30.9,35.3,39.9,34.4,37.8,37.7,34.9,38.9,35.7,38.9,38.3,26.9,37.4,39.8,33.1,41.8,38,27.2,33.3,26.9,33,35.7,39.3,35.43913043,1,42,43,13.64,43.14005,296635,12810,136810,-330,21008,63285,59069,910,1000,757,1315,4323,3929,3,--,42,24,--,59,263,--,3,--
2009,1,12,12/1/09,13.8,10.7,16.8,16.5,16.5,15.1,12.8,19.3,13.1,15.1,21.2,11.6,16,16.8,15.1,21.4,15.1,10.1,14.8,11.7,17.9,10.6,15.4,15.10434783,1,41,42,13.64,41.15023,350507,13061,166434,-383,24730,71590,70710,930,1014,954,1468,4326,3778,6,--,54,32,--,75,373,--,7,--
2010,1,1,1/1/10,18.4,18,26.2,22.7,23.8,21.5,16.1,26.7,22.3,25.7,29,19.6,24,24.6,25.3,29.3,22.8,14.8,20.4,16.1,24,18.1,22.7,22.26521739,1,43,44,15.37,40.18572,360957,12805,173320,-565,22383,74173,72569,909,1014,1161,3187,4371,3977,2,--,47,26,--,30,283,--,6,--
2010,1,2,2/1/10,17,22.7,25,21.7,22.2,19.4,21.2,24.4,24.1,23.8,24.5,17.1,22.4,22.8,22.1,26.6,23.5,14.4,21.6,17.3,22.5,21,22,21.70869565,1,40,41,15.37,31.48501,319735,10901,153044,-351,20590,66198,65245,825,909,1122,1251,3990,3668,1,--,44,27,--,27,217,--,5,--
2010,1,3,3/1/10,28.8,39.7,39.3,34.2,36.7,36.4,37.6,38.7,39.3,39.1,36,25.7,36,38.5,31.3,40.6,39.6,28.6,32.9,27.9,30.8,38.4,39.5,35.46086957,1,39,40,15.37,32.07443,312168,14654,144406,-325,20886,63431,64635,1010,1002,1198,1272,3968,3610,4,--,47,31,--,35,235,--,6,--
2010,1,4,4/1/10,37.5,45.4,43.2,39.9,42.7,42.4,42.6,46.2,43.3,42.6,42.5,30,40.2,44.8,35.8,47,43.2,33.7,38.7,33.3,36.5,43.7,45,40.87826087,1,34,35,15.37,30.74763,287800,15607,126952,-335,19097,64644,57611,943,996,1067,1220,3589,3130,3,--,38,27,--,84,301,--,6,--
2010,1,5,5/1/10,43.2,50.2,47.9,45,47.1,47.1,46.7,51.9,47.5,47.1,48.1,33.4,45.2,49.2,37.7,52.1,48.1,37.5,43.9,37.2,41.6,48.4,49.6,45.46521739,1,34,35,15.37,33.81025,327936,14631,143272,-441,25079,73665,66658,1017,1060,1143,1851,3585,3099,4,--,33,22,--,162,260,--,5,--
2010,1,6,6/1/10,57.3,63.8,60.7,59.3,60.7,59.7,61.1,65,61.3,60.5,62.2,46.7,59.3,62.7,50.3,63.7,60.2,51.5,59.3,49.6,56,62.4,62.7,58.95652174,0,32,32,15.37,43.371,375759,14209,165491,-472,29854,92268,68301,964,1153,1333,2656,3372,2911,12,--,25,11,--,199,208,--,6,--
2010,1,7,7/1/10,64.3,72.2,69.3,68,68.4,67.1,69.9,71,69.6,68.5,68.4,57.6,67.5,70.4,61.7,71.2,68.5,58.6,67.9,58.3,64.6,70.8,70.9,67.16086957,1,42,43,15.37,40.866,409725,13107,179600,-557,24517,114624,71913,963,1146,1441,2970,4322,3880,5,--,31,20,--,182,196,--,7,--
2010,1,8,8/1/10,62.9,70.5,70.7,65.2,69.4,68.8,69,71.6,68.5,69.7,68.6,56.3,68.6,72.7,59.4,72.1,69,57.6,65.7,57.4,62.8,69.6,72.9,66.91304348,1,41,42,15.37,42.153,408884,13100,177745,-600,20119,121151,71574,1061,1158,1157,2419,4149,3761,6,--,32,21,--,138,187,--,5,--
2010,1,9,9/1/10,56.2,60,60,58,59.2,57.1,60.4,61.2,59.4,59.4,61,49.7,58.3,61.1,53.2,62.9,58.6,49.9,58.2,50,56.9,59.2,61.2,57.87391304,1,38,39,15.37,40.87669,346045,13227,148746,-421,17265,93004,69371,954,1116,1108,1675,3848,3483,4,--,35,21,--,94,204,--,7,--
2010,1,10,10/1/10,45.1,51.8,52.7,48.4,49.7,49.7,51,51.2,51.2,51.7,50,39.9,49.7,51.7,46.1,52.8,52.2,42.1,47.9,42.2,45.7,51.1,52.4,48.96956522,1,39,40,15.37,41.60339,307921,13791,132270,-438,17683,77738,62751,808,1090,1007,1221,4049,3645,5,--,37,17,--,23,316,--,6,--
2010,1,11,11/1/10,28.4,28.7,31.4,30.8,31.9,29.2,31.7,33.3,30.9,31.3,33.8,21.4,30.9,31.8,27.3,37,30.3,24,29.5,24.5,29.3,29.2,31.4,29.91304348,1,41,42,15.37,41.30685,306010,15782,135185,-467,19562,69227,62655,907,1079,860,1220,4321,3792,8,--,40,24,--,24,429,--,4,--
2010,1,12,12/1/10,23.4,20,25.8,26.1,27.2,23.9,25,29.3,23.5,25.1,31.4,19.4,25.5,26.9,23.9,32.3,22.6,17.2,24.3,20.7,25.4,20.6,23.4,24.47391304,1,43,44,15.37,42.02642,362119,15359,167258,-530,23169,77573,73683,952,1131,1128,2395,4556,4029,3,--,50,31,--,26,410,--,7,--
2011,1,1,1/1/11,19.8,15.6,22.8,21.8,23.7,21.1,21.3,25.9,19.7,22.6,27.3,15.2,22.3,22.8,21.4,28.4,23.4,12.9,19.6,15.6,22.8,15.8,20.2,20.95652174,1,41,42,18.2,42.92515,362872,14742,170803,-659,25531,74254,72743,930,1071,1555,1902,4287,3622,5,--,49,31,--,26,550,--,5,--
2011,1,2,2/1/11,16,13,19,18.1,19.6,16.5,16.8,22.4,17.5,19.2,23,13.3,17.1,20.4,17.5,26,19.1,10.4,18.4,15.4,20.1,14.3,18.2,17.8826087,1,36,37,18.2,42.0947,313127,16116,138311,-413,24131,65924,64789,807,1027,1217,1217,3793,3213,6,--,45,28,--,35,461,--,4,--
2011,1,3,3/1/11,31.2,35.7,35,33,35.6,32,36.2,38.9,35.8,34.5,37,22.6,34.2,35.8,28.8,40.9,34.2,20.5,31.1,26.7,29.4,35.1,34.2,32.97391304,1,38,39,18.2,41.67545,318710,16650,134845,-349,31134,65947,65662,945,1182,1416,1276,4061,3363,4,--,51,30,--,113,494,--,6,--
2011,1,4,4/1/11,36.8,43.4,41.6,38.5,40.9,39.8,42.1,44.9,41.1,40.7,42.1,27.1,39.5,42.7,32.9,46.7,41.1,30.3,37.8,31.4,34.9,41.7,42.7,39.16086957,1,32,33,18.2,38.41787,302401,18125,124488,-466,31194,70029,54547,918,1141,965,1459,3540,2870,4,--,36,23,--,161,442,--,4,--
2011,1,5,5/1/11,42.3,50.4,47.5,45.5,46,46.7,47.3,49.8,47.8,46.8,46.5,35,45.4,48.2,40.1,50,47.8,39,44.3,39.3,42,48.4,48.8,45.43043478,1,31,32,18.2,40.81249,323628,17638,137102,-417,32587,75243,57013,875,1210,1023,1356,3343,2705,7,--,38,22,--,192,374,--,5,--
2011,1,6,6/1/11,56.3,62.7,60.7,58.4,60.5,59.7,60.6,63.5,60.1,60.6,61.3,45.2,59.1,62.4,51.1,64.9,60.2,49.1,58.3,49.1,54.4,61.7,62.4,58.36086957,1,35,36,18.2,46.70809,367727,17284,158055,-567,32151,90691,65270,1013,1236,1220,1374,3634,3112,2,--,35,21,--,173,290,--,2,--
2011,1,7,7/1/11,66.1,75.1,73.1,68.1,72.4,71.1,72.7,73.4,72.4,72.2,71,57.9,71.3,74.3,64.7,74.6,71.9,59.5,68.4,59.1,64.6,73.6,75.3,69.68695652,1,38,39,18.2,42.6911,418693,14000,176586,-708,31285,119624,72345,1098,1309,1440,1714,3880,3416,6,--,44,20,--,174,214,--,7,--
2011,1,8,8/1/11,65.5,72.6,72.3,68.1,71.1,69.3,71.5,72.6,70.5,71.5,71,59.1,70.1,73.2,62.2,74.8,70.8,59.4,69.1,59.8,65.5,71.5,73.9,68.93043478,0,42,42,18.2,44.3464,406511,14054,171281,-692,25764,119856,71339,1087,1230,1299,1295,4201,3803,3,--,6,0,--,161,223,--,6,--
2011,1,9,9/1/11,54.2,61.9,61.2,58,58.9,58.7,61.5,60,61.3,60.6,59.3,51.1,58.9,60.9,54.7,62.7,60.5,51.1,58.5,51.8,56,60.6,61.9,58.44782609,1,41,42,18.2,44.97573,337931,13048,140941,-583,21378,91739,66849,1004,1132,1305,1119,4008,3628,3,--,31,16,--,120,203,--,7,--
2011,1,10,10/1/11,43.1,50,49.5,46.6,46.8,47.2,49,48.5,49.7,49.5,47.2,37.4,47.1,48.7,44,51.4,49.6,40.1,46.4,40.4,44.7,49.2,49.5,46.76521739,1,38,39,18.2,44.99336,308699,16550,126627,-601,19787,78819,63337,941,1176,948,1114,3824,3361,5,--,35,21,--,24,375,--,4,--
2011,1,11,11/1/11,28.8,30.1,34,30.9,32.6,31.9,31.2,35.3,31.6,32.7,35.7,20.9,30.9,33.1,27.9,38.1,31.6,21.2,28.4,22.2,28,30.8,32.8,30.46521739,1,40,41,18.2,42.28643,304102,18589,121463,-458,20681,75441,64474,943,1187,701,1082,4221,3614,7,--,39,23,--,21,511,--,6,--
2011,1,12,12/1/11,16.1,19.6,27.1,20.8,23.1,25.8,17.2,24.6,21.5,26.2,26.5,17.4,21.8,25.4,23.5,27.6,26.2,15.1,20.5,13.3,22.1,20.1,24.4,21.99565217,1,47,48,18.2,36.45805,335740,17185,132929,-509,23732,86122,71837,1005,1254,1007,1178,4843,4254,4,--,49,30,--,23,476,--,7,--
2012,1,1,1/1/12,24.4,25.5,28,26.3,28.1,25.2,27,29.3,27.8,27.1,32.4,18,26,28,24.6,34.2,27.9,16.8,26.4,17.7,26.8,25.8,25.4,26.03043478,1,46,47,18.68,36.99836,339526,19904,129091,-348,23107,90761,72381,1017,1137,1297,1180,4878,4133,2,--,49,30,--,26,632,--,5,--
2012,1,2,2/1/12,18.8,26.6,26.8,21.7,25.7,24.3,26.3,27.9,26.9,25.8,26,16.7,23.4,26.5,22.7,29.1,26.8,12.5,24.2,17,22.5,25.2,25.6,23.86956522,1,43,44,18.68,39.00662,309389,16996,113872,-237,20284,90610,63847,1044,1072,994,907,4303,3832,6,--,46,28,--,30,357,--,5,--
2012,1,3,3/1/12,37,43.7,44.6,39.2,43.1,42.7,42.8,46.2,42.4,43.8,43.7,28.4,40.5,45.4,35.1,49.2,44.1,29.2,38.5,30.8,35.2,41.8,45.4,40.55652174,1,37,38,18.68,36.58896,309090,20201,105526,-281,25907,92251,61729,1076,1140,570,971,3909,3274,4,--,48,28,--,46,503,--,6,--
2012,1,4,4/1/12,43.5,50.4,48.6,45.8,47.8,47.3,49.4,51.4,48.4,48.2,48.7,35.8,46.4,49.6,41.6,53.5,48.3,38.7,45.3,39,42.8,49.2,49.8,46.5,1,28,29,18.68,37.46634,295229,18563,96285,-265,26295,94829,55871,1057,1090,538,965,2987,2476,3,--,47,24,--,83,347,--,6,--
2012,1,5,5/1/12,49.6,55.1,53.2,52.1,53.7,52.3,54.4,57.3,53.5,52.9,54.8,40.8,52.5,55.3,44.4,59.2,52.1,43.9,52.5,43.6,49.1,54,55.6,51.82173913,1,31,32,18.68,38.235,336516,18898,115983,-371,28641,107352,62081,1002,1200,651,1078,3360,2841,5,--,43,21,--,143,304,--,3,--
2012,1,6,6/1/12,63.6,68.8,68.1,64.5,68.2,66.7,67.3,71.3,66.1,66.5,68,51.4,66.1,70.2,55.7,71.7,65.9,53.7,65,53.1,59.5,67.7,70.3,64.75652174,1,37,38,18.68,32.88,360825,18469,131261,-507,26658,115598,65140,972,1166,762,1306,3811,3294,9,--,37,18,--,153,294,--,7,--
2012,1,7,7/1/12,68.1,77.8,76.7,70.6,74.6,74.9,75.2,76,74.2,75.9,72.6,61.7,73.7,76.9,67.3,77.4,76.1,62.9,71.6,63.3,66.9,76.5,78.3,72.57391304,1,41,42,18.68,37.772,414641,15726,160450,-619,26491,138863,69129,1042,1218,809,1531,4006,3637,3,--,33,21,--,131,174,--,6,--
2012,1,8,8/1/12,64.3,71.8,71.7,67.1,70.3,69.5,71.5,70.8,70.1,70.7,69.4,61.2,69.2,71.8,62.9,73.5,70,60.6,70.4,61.7,66.3,71.2,73.2,68.66086957,1,46,47,18.68,39.18292,395700,15330,152181,-529,23034,131736,69602,1050,1178,916,1202,4575,4170,3,--,40,20,--,137,201,--,4,--
2012,1,9,9/1/12,55.8,62.5,62.2,59,60.8,60.2,62,62.3,61.8,61.8,61.1,51.7,60.4,63.1,55.2,64.6,61.3,52.1,59.3,53,57.5,61.4,63.4,59.67391304,1,42,43,18.68,39.90437,334586,15402,125589,-431,17604,108012,64511,904,1135,882,978,4068,3736,6,--,37,20,--,77,184,--,6,--
2012,1,10,10/1/12,40.8,44.7,44.4,43.8,43.5,42.1,45.3,46,44.6,43.4,44.8,35.5,43.3,44.7,38.8,49.1,43.8,38.1,44.2,39.2,43.2,43.8,44.8,43.12608696,1,43,44,18.68,34.67766,311652,19225,120999,-378,16502,91725,59743,895,1135,744,1061,4409,3918,4,--,41,20,--,20,399,--,7,--
2012,1,11,11/1/12,36.9,34.3,38.7,39.2,38.2,36,36.7,39.5,35,36.3,40.2,27.8,37.5,38.1,33.4,44.1,35.2,29.4,36.4,30.9,36.2,34,37.6,36.15652174,1,45,46,18.68,40.56672,305976,18217,128727,-409,18733,80169,56713,875,1140,824,986,4668,4095,3,--,38,23,--,21,481,--,6,--
2012,1,12,12/1/12,21.9,22.1,27.4,25,27.5,23.9,23,27.5,25,25.8,28.5,15.7,25.9,27.3,22,31.3,24.3,15,22.1,17.5,22,23.1,24.4,23.83478261,1,45,46,18.68,36.81383,334635,21401,134079,-576,22984,83989,68584,963,1176,800,1235,4616,4005,4,--,52,29,--,26,493,--,6,--
2013,1,1,1/1/13,17.3,14.1,25.2,19.1,25.5,22.5,15.8,25.8,17.7,24.1,27.5,15.5,23,24.4,22.8,28.3,24.7,10.7,16.6,11.6,19.8,15.2,22.7,20.43043478,1,46,47,18.42,31.20771,348967,21518,138105,-465,24829,88559,71406,1144,1098,1042,1733,4825,4154,3,--,52,29,--,26,556,--,5,--
2013,1,2,2/1/13,20.3,19.4,27.6,21,25.8,25.1,24.4,28.1,23.4,25.9,26.5,16.3,23.6,27.7,22.4,28.3,25,15.5,23.2,17.9,22.1,20.7,26.1,23.3173913,1,43,44,18.42,32.39008,309728,20330,123547,-320,20418,80283,61483,968,1020,867,1130,4463,3922,1,--,46,24,--,24,442,--,4,--
2013,1,3,3/1/13,29.5,35.4,34.2,31.6,33.4,30.8,35.3,35.9,34.5,33.2,34,23.9,31.7,33.9,28.7,39,33.9,25.3,32.9,23.5,31.2,35,34.1,32.21304348,1,41,42,18.42,35.32267,325399,22810,130634,-462,20534,84725,62947,1070,1143,1007,990,4196,3668,5,--,50,29,--,31,407,--,6,--
2013,1,4,4/1/13,32.1,41.2,36.8,34.7,36.1,35.2,38.8,38.8,38.6,37.4,36.4,28.4,35.2,36.7,32.3,41.4,37.7,31.6,36.7,31.4,35.8,39.5,37.5,36.1,1,36,37,18.42,37.10727,299333,23961,111835,-292,25097,78036,56767,1020,1024,891,995,3738,3196,3,--,52,27,--,49,404,--,7,--
2013,1,5,5/1/13,48.1,57.2,54.3,51.2,53.3,52.3,55.4,55.9,54.2,53.9,52.2,41.2,52.5,54.5,45.4,57.7,54.5,45.5,51.8,44.7,48.5,55.1,55.2,51.93913043,1,37,38,18.42,43.37598,322156,23254,119513,-334,28450,83816,62848,1088,1110,1345,1067,3761,3307,5,--,42,24,--,74,308,--,1,--
2013,1,6,6/1/13,60.5,67,62.3,62.4,64.1,60.5,66.1,67.2,64.8,63.4,65.4,51.7,63.3,64.5,54.5,68.3,62,54.6,64.2,53.4,60,65.6,64,62.16521739,1,43,44,18.42,36.09196,356823,20954,138283,-358,27384,99615,66430,1048,1125,1307,1035,4387,3935,4,--,33,21,--,125,262,--,6,--
2013,1,7,7/1/13,66,75.8,71.8,69.1,71.4,68.7,73.2,72.6,72.1,72.2,69,61.5,71.3,72.5,65.7,73.9,72.1,62.7,71.3,62.4,67.7,74.2,72.9,70.00434783,1,47,48,18.42,40.7197,394846,18593,152867,-340,27255,120771,70539,1148,1201,1354,1458,4611,4225,3,--,40,22,--,150,165,--,7,--
2013,1,8,8/1/13,64.9,73.9,72.7,67.8,70.9,70.3,72.3,71.9,72,71.8,69,60.1,70.5,72.1,63.2,73,72.1,60.2,69,60.8,65.2,72.4,72.2,69.05652174,1,48,49,18.42,36.27276,385286,17382,149426,-465,21633,121156,71344,1143,1217,1372,1076,4636,4284,2,--,35,25,--,113,170,--,8,--
2013,1,9,9/1/13,57.1,63.2,63.6,59.4,61.5,62.4,60.4,64,61.2,62.2,61.3,48.5,60.3,64.2,52.7,65.2,62.5,51.4,58.4,51.3,55.4,61.7,64.3,59.66086957,1,42,43,18.42,36.48659,340941,18991,133110,-439,16961,102063,65799,1087,1182,1222,964,4129,3758,4,--,25,3,--,48,285,--,7,--
2013,1,10,10/1/13,38.7,42.3,42.6,40.5,41.6,41.3,40.8,44.4,41.5,41.9,43.1,34,40.4,42.9,38.3,47.2,42.3,36.3,41.6,35.4,41.8,41.3,42.5,40.98695652,1,44,45,18.42,33.70291,314925,21058,120996,-373,17199,88587,63184,1072,1185,1074,945,4433,3977,3,--,40,18,--,22,366,--,7,--
2013,1,11,11/1/13,30.3,31.2,35.7,31.2,34.1,34.2,32.3,34.6,32.5,33.7,35.7,25.5,32.8,34.2,30.9,38,33.5,25.1,31.9,25.7,32.4,31.3,33.7,32.19565217,1,44,45,18.42,28.56744,314540,23030,120940,-413,17677,84287,64975,1060,1143,850,989,4520,3954,3,--,43,26,--,27,461,--,7,--
2013,1,12,12/1/13,18.2,14.8,20.7,19,21.3,19.9,18.9,24.4,16.7,18.6,26,13.2,19.1,20.2,18.4,27.4,18.3,12.5,19.5,11,21.1,15.4,18.4,18.82608696,1,45,46,18.42,28.01945,353021,21626,141860,-421,21128,92936,71294,1006,1141,1013,1438,4784,4057,4,--,53,33,--,22,608,--,7,--
2014,1,1,1/1/14,21.1,20.6,28.1,22.8,26.3,23.7,23.8,28.4,22.7,26.4,28.9,18.6,23.6,28,24,31.6,27.1,17.7,25.5,15.2,27.5,19.2,24.1,24.12608696,2,45,47,18.79,32.86415,377251,25493,157097,-290,21634,91062,73163,933,1087,1158,5913,4802,4052,4,--,61,37,--,25,618,--,6,0
2014,1,2,2/1/14,21.7,13.7,18.9,24.4,18.5,17.7,19.8,18.9,16.3,17.7,22.2,17.6,17.9,18,16.7,20.5,16.8,15,25.1,18.7,25.9,14,18.1,18.87391304,1,41,42,18.79,25.34223,324347,21001,143294,-445,17396,75945,62639,817,937,916,1847,4278,3712,4,--,46,31,--,24,456,--,6,0
2014,1,3,3/1/14,31.9,33.7,34.2,34.2,34.4,31,34.8,36,33.9,33.2,36,25.8,33.3,33.9,28.6,40.7,32.5,26.5,35.4,26.9,34.1,33,33,32.91304348,1,40,41,18.79,28.36912,331821,25851,136443,-421,24257,78154,62397,866,1087,1186,2002,4296,3653,3,--,49,35,--,41,509,--,7,0
2014,1,4,4/1/14,38.2,44.8,43,40.2,41.7,40.6,43.5,45.3,43.3,42.3,43.2,30.8,41.3,43.2,36.2,48.9,42.6,32.7,41.5,32.8,39,43.2,42.9,40.92173913,1,35,36,18.79,42.998,297628,26476,109281,-378,25440,76785,56385,854,1033,842,911,3708,3141,3,--,38,25,--,82,412,--,7,0
2014,1,5,5/1/14,47.2,56,52.3,50.3,51.5,51.9,54.1,54,53.9,52.3,51.5,42.2,51.2,52.7,45.5,55.6,52.6,45,52.1,44.4,49.3,54.4,53.2,51.00869565,1,36,37,18.79,41.44,324719,23822,118786,-601,26544,89121,62947,944,1111,1084,960,3587,3157,3,--,39,24,--,102,258,--,3,0
2014,1,6,6/1/14,55.9,62.9,59.7,58.6,59.5,59.1,60.4,63.2,60,58.8,60.5,47.3,58.9,60.9,50.3,64,58.9,50.4,59.4,49.8,56.3,61.3,60.8,58.12608696,1,36,37,18.79,40.105,357840,24464,137577,-653,25744,98470,68138,969,1111,1131,889,3716,3230,5,--,35,23,--,146,271,--,7,0
2014,1,7,7/1/14,64.7,73.4,69.8,68.3,69.2,66.6,71.2,71.1,71.4,69.3,68.3,59.7,69,70.3,63.4,73,69.8,60.3,70.2,60.3,66.6,71.7,70.9,68.19565217,1,43,44,18.79,39.89581,385775,21044,149627,-545,24357,115083,71940,1069,1157,1050,992,4283,3860,2,--,36,23,--,180,177,--,6,0
2014,1,8,8/1/14,60.9,69.6,68.9,63.3,67.2,67.6,66.7,69.1,66.6,67,65.8,53.7,65.8,69.6,57.7,69.6,67.8,56.3,64,56.1,61,67.7,70.3,64.8826087,1,45,46,18.79,39.96694,384337,19021,148452,-840,19807,122350,71129,1135,1233,1036,1014,4433,4058,7,--,32,26,--,113,191,--,7,0
2014,1,9,9/1/14,55.3,59.9,58.8,57.4,58.4,58.2,59.1,60.3,59.1,58.8,59.5,49.6,57.5,60.1,51.3,61.1,58,50.7,58.1,50.2,57.3,58.9,60.1,57.29130435,1,39,40,18.79,42.54371,339883,19893,126110,-542,16074,106584,67535,1126,1153,1019,929,4022,3647,4,--,50,24,--,73,218,--,6,0
2014,1,10,10/1/14,45.8,50.6,51.5,47.4,49.7,49.7,49.9,50.7,50.2,50.5,50.3,38.7,48.6,50.1,45.9,53.2,50.4,40.8,47.3,40.9,47.6,49.3,50.3,48.23478261,1,40,41,18.79,37.26355,314518,22718,111296,-448,17159,97685,62391,1082,1116,609,908,4042,3569,4,--,43,25,--,37,357,--,7,0
2014,1,11,11/1/14,28.4,24.2,29.2,30.5,29.5,27.3,27.9,30.9,26.8,28.3,32.8,22.7,27.8,29.4,26.7,35,29.4,24.2,30.3,24.4,31.8,23.7,27.4,28.2,1,39,40,18.79,41.06507,317491,26807,119127,-531,18625,84356,65140,1073,1155,775,963,4172,3537,2,--,68,32,--,20,506,--,7,0
2014,1,12,12/1/14,23,19.7,27.9,25.7,27.9,26.6,23.1,26.8,24.4,25.2,29.4,20.1,26.2,28,25.4,32.5,25,19.5,25.3,20.5,27.3,20.3,25.9,25.03043478,1,43,44,18.79,38.697,337953,22621,124620,-480,22329,91040,73363,1153,1212,1149,947,4356,3793,5,--,61,32,--,26,432,--,6,0
2015,1,1,1/1/15,25,17.3,27.9,26.2,26.5,24.7,23.1,27.3,24.5,26.7,30.6,22.5,25.1,27,27.5,29.6,25.4,17.8,26.8,16.9,28.7,17.8,25.1,24.7826087,1,43,44,14.88,38.70804,360453,23121,132451,-551,24138,101691,74270,1246,1114,1046,1927,4408,3841,3,--,53,34,--,28,443,--,7,0
2015,1,2,2/1/15,26.4,31.9,30.7,29.5,30.6,26.9,29.7,31.8,30.1,29.8,31.6,23.9,29.4,29.5,28.1,36.1,30,22.7,30.9,23.8,31.7,30.4,28.3,29.29565217,1,37,38,14.88,37.50665,334596,22561,126977,-456,22286,91440,63461,1025,980,1100,5221,3787,3280,3,--,45,32,--,24,398,--,5,0
2015,1,3,3/1/15,34.3,40.4,41.1,37,39,40.1,38.6,41.5,39.4,40.2,40.1,29.7,37.6,39.9,36.1,46.8,41,30.4,37,29,37.8,39,40.2,38.09565217,1,41,42,14.88,36.81261,324314,23943,108488,-409,24281,99550,64547,1091,1045,717,1061,4211,3717,3,--,54,34,--,40,357,--,7,0
2015,1,4,4/1/15,38.7,47.4,45,41.1,43.2,44.1,45.1,46.8,44.6,44.3,43.4,33.7,42.4,44.8,38.2,50.7,44.9,36.7,41.8,35.8,40.8,45,45.1,42.76521739,1,37,38,14.88,41.21952,294177,26494,88989,-214,22471,92856,59784,979,1090,809,919,3836,3374,2,--,51,33,--,107,264,--,6,0
2015,1,5,5/1/15,44.9,54.4,48.6,47.4,48.2,48.8,50.3,51.2,50.4,49,48.2,39.8,47.8,49.2,43,54,49.3,44.4,47.9,44.4,45.9,51.7,49.6,48.19130435,1,36,37,14.88,40.26272,322189,26182,104585,-370,20125,101625,65827,1099,1178,922,1017,3662,3231,4,--,45,25,--,110,240,--,7,0
2015,1,6,6/1/15,61.4,71,65.6,64.2,65.1,64.7,67.1,68.1,67.3,65.4,65,55.3,65.3,66.1,58.6,72,65.2,58.1,65.5,57.4,62.5,68.4,66.3,64.59130435,1,41,42,14.88,41.30828,362493,22561,125673,-398,20414,121568,68516,1118,1181,821,1040,3990,3612,2,--,64,35,--,114,159,--,4,0
2015,1,7,7/1/15,63.2,71.7,69.1,65.4,67.9,68.3,68.2,69.7,67.7,68.1,67.1,55.1,67.8,68.9,60.7,72.8,68.6,57.6,65.9,57.2,62.8,69.2,69.7,66.20434783,1,44,45,14.88,32.20802,400535,23454,139100,-513,21014,141241,71412,1235,1286,1103,1201,4437,3974,6,--,74,35,--,135,206,--,7,0
2015,1,8,8/1/15,63.3,70.5,70.4,65.6,68.5,68.5,68.6,69.6,68,68.3,67.4,57.1,67.9,69.9,60.8,72.4,68.9,58.4,66,57.8,63.8,68.8,70.7,66.57391304,1,46,47,14.88,34.18361,392242,22821,134670,-626,19122,139216,72415,1196,1294,1040,1093,4566,4125,3,--,71,32,--,125,202,--,7,0
2015,1,9,9/1/15,58.7,64.4,65,60.9,64.2,63,64.2,64.6,64.3,63.6,63.7,51.5,63.4,65.2,55.6,70,63.4,52.1,60.4,51.2,59.9,62.9,65.4,61.63478261,1,38,39,14.88,36.54356,350190,22647,117986,-544,16094,123111,66476,1210,1176,1028,1006,3838,3385,4,--,66,35,--,83,259,--,7,0
2015,1,10,10/1/15,48.3,52.3,51.6,50.4,51.6,50.5,52.2,52.4,52.1,51.1,52,42.4,51.5,51.3,47.6,57.4,51.2,44.1,50.8,43.8,49.5,51,51.1,50.26956522,1,39,40,14.88,33.44512,312210,24708,96759,-443,16630,110110,60571,906,1198,827,945,3948,3522,5,--,68,37,--,25,284,--,7,0
2015,1,11,11/1/15,29.5,31.1,34.9,31.1,32.8,34.3,31,34.3,31,32.6,34.6,21.3,33.9,33.8,27.6,39.4,33.2,23.2,29.3,22.6,28.3,30.8,33.6,31.05217391,1,39,40,14.88,31.73659,300779,28065,87227,-285,19338,102369,60264,902,1191,715,995,4071,3471,5,--,69,37,--,37,445,--,7,NM
2015,1,12,12/1/15,18.8,20.1,26.5,20.8,25.2,26.7,20,27,21.8,25.4,27.5,15.7,25.7,26,22.6,30.3,25.2,12.6,18.8,15.2,20.8,20.3,24.6,22.50434783,1,40,41,14.88,30.58671,324536,28602,89495,-281,23166,109892,69634,1110,1222,749,948,4212,3560,4,--,63,38,--,40,501,--,6,NM
2016,1,1,1/1/16,18.9,21.1,29,20.7,25.9,27.2,18.7,28.3,22.4,26.5,28.8,18,25.9,27.5,25.9,30.7,26.6,15.2,18,16.9,21.3,21.3,25.8,23.50434783,1,43,44,13.28,29.30246,352714,26679,113459,-312,25615,110044,72525,1195,1148,966,1396,4484,3845,4,--,58,38,--,36,497,--,5,0
2016,1,2,2/1/16,27.2,34.3,35.2,28.4,32.8,34.4,31.7,36,33.6,34.2,34.6,22.3,32.3,34.6,29.2,36.5,35.9,23.6,28.2,22.7,28.6,33.2,33.6,31.43913043,1,37,38,13.28,25.37086,313816,28738,92705,-399,24139,98688,65638,1062,1036,910,1299,3979,3290,4,--,57,36,--,27,558,--,6,0
2016,1,3,3/1/16,31.3,40.3,39.5,34.6,37.5,37.5,38.1,40.2,38,37.9,37.5,25.5,38,39.3,31.5,41.3,39.5,27.7,34.5,26.6,33.7,38.1,39.4,35.97826087,1,32,33,13.28,36.009,304427,31084,72173,-384,27390,103933,66149,1197,1085,927,874,3424,2832,3,--,78,37,--,34,435,--,6,0
2016,1,4,4/1/16,38.2,49.4,44.8,41.3,42.6,43.4,45.1,45.6,45.7,44.5,43,34.8,43.4,45,40.2,46.4,45.8,38.3,42.2,38.1,41.2,46.5,45.6,43.09130435,1,27,28,13.28,34.871,292987,29666,72113,-452,25878,98974,62732,1132,1104,1006,833,2819,2331,6,--,72,37,--,67,300,--,6,0
2016,1,5,5/1/16,45,56.3,51.4,47.7,49.5,52.2,51,52,50.7,50.7,49,39.3,49.4,51.2,44.4,53.5,52.2,43.1,47.6,43.9,45.8,53.5,52.3,49.20434783,2,28,30,13.28,33.899,316867,28711,81695,-321,25486,110519,66576,1053,1189,974,984,3069,2495,9,--,91,38,--,171,261,--,4,0
2016,1,6,6/1/16,61.9,71.9,69,64.2,67.3,68,68.2,69.6,66.3,66.9,66.2,54.6,66.2,69.3,58.7,69.1,67.1,56.9,65.5,55.8,62.3,69.4,70,65.40869565,1,36,37,13.28,30.66925,367904,26236,116034,-497,23237,131523,67175,1043,1175,1005,972,3820,3303,7,--,66,27,--,206,207,--,5,0
2016,1,7,7/1/16,65.5,73.8,71.9,67.2,70.5,71.2,71.4,72.6,69.5,70.9,70.5,59.1,70.2,72.2,62.9,73,71.4,58.7,68.9,58.9,66.5,71.9,73.4,68.78695652,1,45,46,13.28,31.13805,412043,28372,136316,-784,21455,151716,70349,1077,1219,1049,1273,4580,4080,4,--,53,6,--,169,264,--,6,0
2016,1,8,8/1/16,61.9,70.9,68.8,64.5,66.8,68.1,67.5,68.2,66.2,67.8,66.2,57.8,66.4,68.6,59,70.2,67.8,56.8,65.7,57.7,63.6,68.7,69.6,65.6,1,45,46,13.28,29.04327,409861,24465,135635,-902,19570,154926,71526,1064,1242,1078,1258,4537,4126,4,--,52,7,--,123,218,--,6,0
2016,1,9,9/1/16,55.1,61,60.5,56,58.8,59.6,59,61.3,57.3,58.9,60,48.3,58.2,61.3,51.2,62.9,59.2,50.5,56.5,49.8,55.6,59,61.4,57.45217391,1,37,38,13.28,35.68818,351560,26529,114138,-715,16368,125683,65448,1020,1162,980,946,3785,3369,4,--,48,23,--,59,276,--,5,0
2016,1,10,10/1/16,47.4,50,51.6,48.7,50.1,50.1,48.9,51.9,48.3,49.6,52,37.6,50.2,51.5,43.8,54.1,48.7,39.5,46.9,40,46.4,49.3,51.4,48.17391304,1,36,37,13.28,34.37269,312940,29749,99194,-561,17339,102898,60733,913,1103,635,937,3778,3218,4,--,64,36,--,22,429,--,5,0
2016,1,11,11/1/16,35.8,40.2,43.7,38.2,41.4,40.7,37.5,41.4,38.2,40.8,41.9,30.3,41.6,41.9,37.7,42.7,40.4,31.1,35.9,31.9,35.1,39.2,41.8,38.66956522,1,36,37,13.28,28.75416,297065,28819,86940,-607,18808,93951,65179,1013,1092,799,1070,3695,3167,5,--,72,36,--,28,381,--,6,0
2016,1,12,12/1/16,19.7,13,16.8,20.8,19.2,15.7,15.6,21.8,14.9,15.5,24.9,12.2,19.1,17.3,15.8,25.1,15.5,10.1,18.8,10.5,20.3,13.7,13.8,16.96086957,1,44,45,13.28,34.04736,345389,32583,118747,-753,22528,96416,71662,1037,1133,869,1166,4684,3969,2,--,78,37,--,30,563,--,5,0
2017,1,1,1/1/17,16.2,5.6,20,18.1,21.6,16.6,10.8,23.8,14.8,17.8,25.6,13.6,20.8,21.3,19.7,25.7,16.4,8.1,13.7,9.5,17.2,9.7,18.2,16.73043478,1,43,44,14.51,31.41002,344414,29929,115333,-435,26628,95661,73121,1047,1085,944,1102,4484,3881,4,--,71,35,--,87,400,--,6,NM
2017,1,2,2/1/17,29.6,25.4,32.5,30.2,31.5,30.9,26.5,33.8,29,29.9,34.8,22.7,31.7,31.2,26.8,34.5,28.3,21.1,27.2,23.7,26.8,27.4,30.1,28.93913043,1,35,36,14.51,31.2261,291113,30964,86822,-508,23882,82837,63560,978,986,723,869,3701,3138,4,--,55,32,--,75,392,--,6,NM
2017,1,3,3/1/17,38,43.4,41.9,40,40.7,39.8,41.5,43,40.8,40.4,42.2,29.6,41.5,40.9,34.6,43.9,40.1,28.9,37.9,32.5,36.6,42.3,40.9,39.19130435,1,34,35,14.51,37.38332,319469,36935,89365,-521,29613,95214,65093,1060,1054,699,956,3619,3009,2,--,56,33,--,101,413,--,6,NM
2017,1,4,4/1/17,38.4,47.3,43.9,40.5,42.2,43.2,42.9,46.4,42.8,42.9,43.5,30.4,41.6,44.5,36.1,45.6,43.6,34.6,40.6,34.4,37.4,44.6,44.6,41.39130435,1,26,27,14.51,35.55559,295462,36514,81335,-439,29409,88562,56743,1001,1044,431,860,2911,2296,5,--,65,33,--,98,409,--,5,NM
2017,1,5,5/1/17,46.4,56.6,53.1,49.1,51.1,52.2,52.3,53.5,51.7,51.8,50.1,41,50.5,52.7,44.2,54.4,52.6,44.5,49.7,43.7,47.9,54.2,53,50.27391304,1,31,32,14.51,36.12317,323494,35193,92777,-423,32607,98074,61313,1056,1081,847,970,3291,2700,8,--,67,26,--,99,391,--,0,NM
2017,1,6,6/1/17,59.7,68.3,64.5,62.2,62.7,62.6,63.9,67,62.6,62.8,63.4,51.2,61.8,64.9,53.6,66.9,62.9,54.2,62.9,53.2,59.8,65.4,65.1,61.80869565,1,36,37,14.51,27.95936,358630,32774,107508,-568,30575,117351,67011,993,1091,901,991,3709,3232,4,--,49,22,--,106,295,--,0,NM
2017,1,7,7/1/17,66.6,76.5,75.9,69.7,72.6,73.9,72.4,74.7,71.4,72.9,70.8,61.7,71.4,74.9,65.3,74.6,73.3,62.1,71.1,61.8,68.2,73.7,76,70.93478261,1,45,46,14.51,30.56892,404537,28588,127698,-759,26598,147042,71314,1047,1199,889,920,4526,4075,2,--,69,22,--,115,244,--,0,NM
2017,1,8,8/1/17,61.3,70.7,68.9,64.8,66.5,66.7,67.4,69.1,66.2,66.4,65.8,58.2,65.7,68,59.1,68.4,66.5,58,66.2,58.2,64.7,68.2,68.5,65.36956522,1,45,46,14.51,28.16247,384837,26186,119488,-638,22034,141308,72384,1133,1209,765,968,4606,4142,2,--,70,21,--,106,265,--,0,NM
2017,1,9,9/1/17,54.2,59.3,59.3,56.1,57.3,57.6,57,61,55.8,56.9,59.6,47,56.2,60.6,49.5,60.7,56.9,49.4,55.3,49.1,53.9,56.9,59.8,56.06086957,1,40,41,14.51,21.89137,336004,29297,98202,-606,19152,118132,68098,1059,1027,712,931,4037,3581,2,--,61,28,--,84,275,--,5,NM
2017,1,10,10/1/17,39.9,45.3,47.3,42.5,44,44.6,43.7,46.3,41.6,44.5,45.5,33.8,42.7,46.3,38.9,49.1,45.1,36.3,41.5,35.8,41.4,43,45.6,42.81304348,1,37,38,14.51,27.97419,318731,35264,89776,-463,17698,106895,65995,998,1023,572,973,3913,3306,2,--,66,36,--,80,416,--,6,NM
2017,1,11,11/1/17,36.9,33.8,37.8,38.2,37.5,35.9,36.4,40,33.5,34.7,40.9,26.8,36.6,38.4,31,43.1,34.5,29.2,35.8,27.2,36,33.2,36.1,35.36956522,1,35,36,14.51,27.7964,308189,32359,90986,-478,19888,95072,66618,1001,1072,755,915,3756,3158,2,--,71,34,--,87,398,--,6,NM
2017,1,12,12/1/17,24.7,20,26.2,26.4,24.8,24.1,21.7,26.3,21.1,24.2,30.7,19.7,22.8,24.7,24.5,28.5,24.4,21.7,27.3,17.9,29.2,19.9,22.4,24.05217391,1,39,40,14.51,25.06888,350563,32246,106545,-656,22248,111553,73700,1095,1137,737,1958,4189,3550,6,--,80,38,--,86,422,--,6,NM
2018,1,1,1/1/18,26.7,18,28,27.7,25.2,24.1,22.1,24.9,23.2,25.5,31.1,21.3,25.4,23,26.6,27.9,24.1,20.1,26.1,19.1,27.9,19.2,21.9,24.30869565,1,41,42,15.41,21.80846,373379,35762,119284,-547,25064,110442,74649,1097,1109,965,5555,4231,3689,2,--,64,38,--,73,358,--,7,0
2018,1,2,2/1/18,22.7,11.5,18.5,23.5,20.1,14.8,19.5,24.6,16,16.2,25,15.8,18.7,17,16.9,24.9,13.5,17.8,24.4,18.1,23.3,13.2,14.4,18.71304348,1,35,36,15.41,43.582,307058,33311,82050,-315,24902,98675,64790,1092,994,754,804,3594,3063,2,--,77,34,--,79,332,--,7,0
2018,1,3,3/1/18,31.2,35.8,35.3,33.7,35.7,32.1,36.2,38.4,34.1,33.2,36.8,23.3,33.9,35.2,29.4,39.9,32.5,25.6,33.2,24.2,30.4,34,33.5,32.93913043,1,37,38,15.41,38.937,321765,38256,80626,-490,25861,106742,67033,1158,1108,642,830,3845,3227,4,--,62,36,--,90,419,--,7,0
2018,1,4,4/1/18,39,43.6,40.6,41.6,40.5,39.3,42.9,42.4,40.8,39.7,41.8,32.5,40.1,40.7,35.7,44,39.8,36.3,41.9,35.2,40.8,42.2,39.9,40.05652174,1,29,30,15.41,41.336,301057,38503,73346,-377,28115,98672,59133,1099,1028,666,872,3170,2532,3,--,75,36,--,94,423,--,8,1
2018,1,5,5/1/18,50.9,59.8,57.6,53.2,55.3,55.6,55.4,58.1,54.1,55.6,55,43.5,53.7,57.2,48.1,58.1,56.2,47.2,53.3,46.8,50.6,56.9,57.4,53.89565217,1,28,29,15.41,42.06893,339228,37268,85227,-390,30444,115565,67320,1167,1070,517,1040,2943,2438,2,--,61,24,--,97,314,--,7,1
2018,1,6,6/1/18,61.3,66.7,65,62.9,63.9,63.7,64.3,68.2,62,63.2,65.5,51.6,62.7,65.5,53.1,67.4,62.3,54.5,63.6,52.5,60.9,64.7,65.3,62.20869565,1,34,35,15.41,41.62421,372145,38608,101503,-433,27597,131086,69688,1091,1104,834,1066,3559,3010,7,--,68,24,--,95,348,--,8,1
2018,1,7,7/1/18,65,74.7,70.8,69.3,69.4,68.8,71.3,72.4,69.8,69.8,69.1,61.5,70.2,70.6,64.8,71.9,70.3,61.6,70.9,60.8,68.2,72.3,70.4,68.86521739,1,42,43,15.41,41.84309,411617,30071,115376,-644,25100,165075,72456,1172,1111,913,988,4308,3829,3,--,81,18,--,91,278,--,7,1
2018,1,8,8/1/18,62,69.7,67.3,65.4,66.2,66.7,68.1,68.4,67,66.6,65.9,58.3,66.1,67.4,59.4,68.4,67.1,58.2,67.1,57.7,65.1,67.8,67.7,65.37391304,1,44,45,15.41,40.8694,408352,33296,115129,-747,22017,162001,72282,1301,1146,879,1047,4446,3945,2,--,82,32,--,90,288,--,8,1
2018,1,9,9/1/18,57.6,60.7,60.3,59.7,61,59.5,60.9,62.7,60.1,58.1,62.2,52.2,58.5,62.3,53,63.6,57.1,50.9,60.2,50.5,59.7,58.8,61.2,58.73043478,2,37,39,15.41,37.95584,356558,30679,96544,-603,19166,142085,64725,1104,1004,799,1055,3792,3306,3,--,78,31,--,74,293,--,6,1
2018,1,10,10/1/18,40.2,44.8,44,42.3,43.1,42.3,43.9,45.5,43.9,43.2,44.2,35.3,42,43.9,39.5,45.3,43.1,38.2,42.4,38.3,40.9,43.7,43.1,42.30869565,2,37,39,15.41,42.15774,325070,32396,87264,-492,19548,123280,59397,1016,1084,562,1015,3865,3356,6,--,85,35,--,67,309,--,6,1
2018,1,11,11/1/18,26.9,30.8,32.9,29.2,31.1,31.6,28.1,33.1,28.2,31.6,33.3,22.5,30.9,31.7,28,34.3,32.2,23.7,28.2,22.6,29.6,29.1,31.1,29.59565217,2,38,40,15.41,41.11082,322466,32077,92819,-343,21913,108265,63954,1045,1075,656,1006,3978,3441,4,--,86,36,--,64,340,--,7,0
2018,1,12,12/1/18,18.9,21.3,28.1,22,27.6,26.2,19.9,28.3,22.8,27.6,28.9,16,24.3,27.5,22.2,30.5,28.1,12.5,18.8,14.9,20.7,20.4,24.2,23.1173913,1,43,44,15.41,40.05703,342292,34065,100319,-522,22797,109955,71657,1120,1139,795,966,4381,3844,2,--,77,32,--,63,356,--,7,1
2019,1,1,1/1/19,18.7,21.1,27.2,20.6,26.4,25.6,16.7,28.5,21.7,25.6,29.8,18.2,22.7,26.5,24.6,30.4,25.6,13.5,17.5,13.8,19.9,20.3,24.1,22.56521739,1,40,41,14.93,44.80124,359729,34409,100905,-323,24798,121808,73701,1025,1194,800,1413,4144,3586,3,--,77,35,--,71,365,--,7,7
2019,1,2,2/1/19,21.1,14,12.7,22.1,19.3,10.4,16.9,19.5,13.3,11.8,24.8,14.2,17.5,14.3,16.1,23.6,11.5,11.1,17.4,15.6,18.5,13.6,11.8,16.13478261,1,37,38,14.93,44.40666,315282,32291,79929,-389,22881,112397,64715,948,1003,692,815,3934,3381,3,--,86,20,--,74,364,--,6,10
2019,1,3,3/1/19,25.4,29.7,28.5,27.3,28.3,26.6,30.4,30.1,28.6,28.3,30.7,22.8,27.4,27.5,26.8,32.4,28.1,20.9,26.6,22.5,25.1,28.5,26.8,27.36086957,1,33,34,14.93,39.19044,326903,37935,78352,-409,26334,116059,65080,1086,1077,574,816,3602,3035,3,--,85,23,--,83,366,--,7,16
2019,1,4,4/1/19,40.4,47.5,43.8,42.3,43.4,43,44.5,46.3,44,43,44,32.7,42.1,44.4,36.7,48.7,44,35.9,41.2,36.1,40,45.3,44.1,42.32173913,1,26,27,14.93,38.83297,296953,41238,59922,-103,27820,104349,60581,948,1015,401,782,2923,2342,1,--,66,23,--,90,394,--,7,17
2019,1,5,5/1/19,42.7,51.2,45.4,45.1,45.3,44.5,47,48.1,46.7,45.9,46,37,44.4,46,39.9,49.4,47.6,40.9,44.8,40.9,43.7,48.6,46.1,45.09565217,2,22,24,14.93,35.8769,330661,38898,71885,-368,31982,117297,67124,1054,1117,737,937,2471,1896,3,--,83,24,--,97,366,--,2,20
2019,1,6,6/1/19,55.8,64.7,60,58.3,60.1,59.7,61.3,63.1,59.1,60,59.6,47.2,59,61.8,50.8,63.5,60.5,51,58.1,50.3,54.5,62.2,61.8,58.36521739,1,29,30,14.93,35.17309,353239,36485,78540,-385,28078,138087,68805,1009,1101,563,957,3050,2511,5,--,77,19,--,96,336,--,6,24
2019,1,7,7/1/19,65.7,73.3,68.7,68.7,69.4,67.5,70.1,71.3,67.8,68.6,69.7,58.9,68.6,70.1,63.2,71.6,69,59.2,69,59.5,64.7,70.8,70,67.62608696,1,36,37,14.93,38.01638,410365,36724,100771,-622,24875,172282,72199,1185,1157,791,1004,3763,3223,5,--,78,1,--,106,344,--,5,24
2019,1,8,8/1/19,64.5,72.5,68.8,66.9,69.2,66.7,69.8,70.4,67.9,68.1,69.4,58.7,67.9,69.6,60.8,71.2,68.4,58.4,67.9,58.8,64.1,69.8,69.4,66.92173913,1,38,39,14.93,32.0324,401732,34422,94040,-579,22579,175270,71911,1147,1211,684,1047,3858,3342,4,--,81,11,--,101,313,--,7,23
2019,1,9,9/1/19,58.2,61.7,61.9,59.2,61.6,60.5,60.2,63.8,58.8,60.5,63.2,47.9,60,63.2,51.9,64.9,60.3,50.4,58.4,49.3,55.1,60,62.2,58.83478261,1,35,36,14.93,34.46009,360760,37439,85707,-671,18526,149938,66064,1112,1142,581,923,3699,3110,4,--,83,29,--,80,386,--,7,18
2019,1,10,10/1/19,34.2,38.2,38.2,35.9,36,35.3,36.9,39.2,35.2,36.3,39.6,26.5,35.9,38.2,31.5,41.2,36.5,30.3,36,29,34.6,37,37.7,35.62608696,2,32,34,14.93,24.9427,320518,39495,66777,-373,18306,131113,62033,924,1100,200,942,3403,2820,4,--,94,36,--,71,372,--,6,15
2019,1,11,11/1/19,30.4,31,33.3,31.1,30.7,32.3,29.2,31.8,29.7,31.3,33.6,25.6,30.4,31.5,29,32,31.1,27.6,31.7,26.8,32.4,29.7,31.4,30.59130435,2,32,34,14.93,32.2581,315897,35194,75549,-509,20218,117959,64125,1047,1082,333,899,3400,2814,4,--,105,33,--,66,371,--,7,9
2019,1,12,12/1/19,21,23.7,30.8,23,28.6,29.8,17.7,29.5,24.1,28.3,30.8,16.4,24.1,28.8,24.2,31,28.2,11,19.1,16.7,20,21.3,28,24.17826087,2,37,39,14.93,39.344,338536,36268,72581,-529,21478,131973,73074,1107,1133,463,988,3900,3316,5,--,116,33,--,57,365,--,8,6
2020,1,1,1/1/20,22.7,27.2,29.4,23.5,28.8,28,22.9,30.7,26,28.3,30.9,16.3,24.7,29,24.3,31.4,27.3,13.2,21.4,18.1,22.7,26,25.9,25.16086957,2,31,33,13.58,38.991,342019,38708,65140,-377,24498,136084,74170,1155,1093,633,915,3585,2758,5,--,121,35,--,76,584,--,7,8
2020,1,2,2/1/20,18.5,19.1,25.5,18.3,23.1,22.6,16.4,26.7,20,23.2,25.8,15.1,18.9,24.8,20.3,27.2,24,10.3,19.1,12.8,20,19.6,23.1,20.62608696,2,29,31,13.58,39.53,319698,40534,56201,-247,25868,128018,65911,1152,971,540,749,3275,2535,2,--,107,32,--,80,512,--,7,14
2020,1,3,3/1/20,32.6,37.3,35.9,33.9,36,33.8,34.5,38.4,34.5,34.3,37.1,25,33.1,36.7,29,39.5,35.5,25.7,32.9,26.7,30.7,35.9,35.6,33.67826087,2,32,34,13.58,40.31896,309870,41951,50731,-353,23823,126187,63997,1047,1092,704,691,3458,2812,3,--,124,34,--,83,394,--,7,16
2020,1,4,4/1/20,35.9,42.5,38.7,38.4,38.7,36.5,40.7,41.9,38.9,38.6,39.4,30.1,37.6,39.8,33.2,43,39.1,32.7,39,31.3,38,39.8,39.1,37.95217391,1,28,29,13.58,41.80142,279846,43453,40675,-325,23194,110564,59170,802,1073,614,626,2963,2390,4,--,92,34,--,94,342,--,7,21
2020,1,5,5/1/20,49.8,57.4,51.8,51.3,52.4,50.9,54.6,56.1,53.2,52.1,53.2,41.3,51.3,53.7,44.7,56.9,52.7,44.7,51.7,44.1,48.5,55.1,52.7,51.31304348,1,28,29,13.58,40.361,304837,43902,46527,-367,29976,117186,64338,884,1090,610,691,2950,2406,2,--,77,34,--,109,314,--,8,23
2020,1,6,6/1/20,60.1,67.4,66,61.4,65.4,65.3,64.4,68.7,63.4,64.3,65.4,47.9,62.3,67.6,52.6,69.7,65,52.5,60.7,50.8,55.7,65.3,67,62.12608696,1,28,29,13.58,40.63784,351967,45420,65283,-499,27999,143055,67205,867,1018,801,818,3070,2456,5,--,90,30,--,106,378,--,6,21
2020,1,7,7/1/20,65.7,73.3,71.7,67.5,71.8,69.8,72,74,69.5,70.5,70.4,57.4,69.4,73.9,61,75.8,71.5,58.2,69,57.7,64.3,71.2,73.3,68.64782609,2,37,39,13.58,39.1588,409871,39371,89709,-686,26742,181568,69385,937,1093,837,914,3910,3278,2,--,143,31,--,107,342,--,7,10
2020,1,8,8/1/20,68,74.6,72.9,69.5,72.7,70.3,73.2,73.5,71.3,71.5,71.8,62.6,70.5,73.8,63,75.7,72.1,61.2,70.7,61.2,67.7,72.4,73.7,70.16956522,3,35,38,13.58,42.55209,398536,38389,91145,-784,23284,173644,68982,1094,1107,787,887,3754,3102,5,--,209,32,--,108,294,--,4,19
2020,1,9,9/1/20,54.1,60.8,60.8,56,58.9,57.5,59.2,59.5,58.9,59.4,59.3,49.9,56.6,59.6,53.8,62,59.6,49.9,56.2,49.7,54.7,58.8,59.2,57.14782609,2,30,32,13.58,38.57837,333493,36585,68407,-525,18679,141397,65727,1013,1016,439,755,3199,2664,5,--,116,33,--,79,298,--,5,16
2020,1,10,10/1/20,39.1,42.2,42.9,43.4,41.9,39.4,43.6,42.6,40.4,41.4,44.5,37.7,42.1,41.9,39.2,46.6,40.7,38.3,44.2,37.7,44.2,41.4,41.2,41.59130435,2,33,35,13.58,37.51045,313703,41525,59805,-423,18810,131413,59362,918,1067,351,876,3651,2925,5,--,113,31,--,85,485,--,7,13
2020,1,11,11/1/20,33.6,33.7,39.2,35.4,37.8,36.5,34.5,38.9,33.1,37.3,39.8,24.6,35.3,38.8,32.1,42.6,37,25.2,31.8,24,31.4,33.4,38.4,34.53913043,1,34,35,13.58,43.10328,301403,44699,61182,-369,20893,109811,61760,950,1067,612,800,3962,3053,3,--,99,31,--,82,688,--,6,9
2020,1,12,12/1/20,19.2,25.8,31.4,23,29.1,30.9,23.5,30.8,26.7,30,31.3,17.6,25.4,30.3,24.4,33.6,31.8,16.8,21.6,14.7,23.4,24.8,29,25.87391304,1,34,35,13.58,44.14668,344523,43202,78588,-368,21508,127863,69871,999,1169,751,940,4234,2981,4,--,84,35,--,76,1046,--,8,8
2021,1,1,1/1/21,20.6,26.4,29.5,20.8,26.2,29,24.7,28.4,25.3,26.9,29.6,19,24.4,27.1,24.1,30.2,28.1,16.3,22.6,14.3,23.7,25.2,26.4,24.73043478,1,32,33,17.32,39.74792,349210,41790,81240,-424,24560,126530,71732,1035,1109,702,936,3883,2746,5,--,92,36,--,66,931,--,7,9
2021,1,2,2/1/21,17.4,13.6,15.3,19.8,16,15.5,19,18,14.1,15.6,21.9,17.8,16.1,16.1,17.6,20.3,13.9,15.2,20.3,17,22.5,14.5,14.5,17.04347826,1,29,30,17.32,39.15401,323900,38591,87470,-425,20137,111183,62954,820,921,660,1589,3447,2458,4,--,86,31,--,60,801,--,6,12
2021,1,3,3/1/21,30.2,36.6,37.8,32.6,33,37.2,35.4,35.3,33.8,35.4,34,26.6,31.7,35.2,30.9,36.4,36.6,26.5,31.5,25.3,30.3,35.5,36.5,33.23043478,1,31,32,17.32,35.90129,311397,54426,61904,-236,21220,107019,63708,860,1060,645,791,3475,2616,5,--,103,37,--,78,628,--,8,17
2021,1,4,4/1/21,35.4,43.1,41,38,39.5,39.5,41,42.2,38.7,39.9,39.8,31.6,38.1,40.6,33.9,43.5,41.6,34.2,37.9,32.7,37.4,41,40.7,38.75217391,2,26,28,17.32,37.01493,293308,52588,53956,-197,19389,107416,57092,871,969,422,802,3095,2170,6,--,146,35,--,79,652,--,7,20
2021,1,5,5/1/21,47.7,55.2,51.9,50.2,50.6,50.3,52.4,53.7,50.8,51.4,50.7,41.7,49.6,52.5,44,54.2,51.9,44.6,49.9,44.2,48.8,53.1,52.3,50.07391304,2,28,30,17.32,37.22165,320181,52059,63873,-416,23309,114676,63394,914,1003,534,835,3208,2404,7,--,126,30,--,82,554,--,6,23
2021,1,6,6/1/21,63,72.8,69.8,65,69.2,68.1,70.3,70.3,67.4,69,66.1,56.4,66.7,70.1,60.5,70.1,69.2,58.9,66,58.2,63.9,70.3,70.6,66.60434783,2,33,35,17.32,31.95533,373856,44703,87265,-376,23454,149376,66070,974,1006,453,932,3580,2858,4,--,153,22,--,75,462,--,7,22
2021,1,7,7/1/21,67.8,77.5,76,71.1,74.3,75,75.3,74.7,72.9,74.4,70.9,63.4,72.3,75.4,66.3,74.9,75.6,64.5,72.3,64,69.1,75.5,76.2,72.14782609,2,39,41,17.32,33.31336,405624,40003,101537,-685,22098,170189,68832,1046,1041,681,883,4079,3438,3,--,161,22,--,76,370,--,8,23
2021,1,8,8/1/21,63.4,69.5,69.8,65.2,68.7,68.5,68.5,70.4,66.1,67.9,68.7,56.7,66.3,70.6,59.6,71,68.2,58.1,65.9,57.6,63.2,67.7,70.2,66.16521739,2,35,37,17.32,29.86229,412865,45159,101855,-670,20328,172716,69471,1031,1031,747,1197,3792,3034,4,--,140,22,--,72,514,--,6,20
2021,1,9,9/1/21,57.7,62.5,64.6,58.4,62.7,63.4,62.8,63.7,60.6,62.9,63.3,51.8,60.4,64.8,55.1,65.3,62.5,51.7,58.5,50.4,58.2,60.8,64.4,60.2826087,2,35,37,17.32,35.87986,347744,45997,78877,-434,17022,138214,64520,984,975,638,950,3828,3072,5,--,156,29,--,57,503,--,6,20
2021,1,10,10/1/21,43.5,48,48.9,44.6,46.7,48.5,46.6,48.9,45.7,47.7,49.1,37,45.4,48.9,42.4,52.1,47.8,40,43.6,39.6,43.1,46.6,48.5,45.79130435,2,30,32,17.32,30.143,320202,47077,62572,-427,17133,131852,58401,1062,982,655,894,3573,2589,4,--,112,33,--,48,779,--,8,14
2021,1,11,11/1/21,36.6,38.3,41.8,38,39.9,39.6,39.7,41,36.8,40.3,41.6,30,39.6,41.1,34.4,43.8,40.6,32,36.5,30.2,37.3,38,39.3,38.10434783,2,25,27,17.32,39.604,314310,49195,57426,-377,19373,122433,62749,871,970,783,887,3438,2111,6,--,121,33,--,49,1111,--,8,10
2021,1,12,12/1/21,28.2,26.1,28.9,28.5,31.6,27.8,31,33.9,27.6,28.9,34.2,20.3,29.3,31.1,25.7,36.3,25.7,21.3,26.1,22.1,27.2,26.4,27.5,28.07391304,1,30,31,17.32,38.681,337104,52094,60025,-445,23562,127586,70720,930,1073,591,968,4063,2542,7,--,105,30,--,49,1322,--,8,7
2022,1,1,1/1/22,20,17.4,28.2,21.2,27.5,25.9,24.1,27.8,22.9,26.8,28.5,20,25.5,26.8,25.6,30.7,25.3,14,22.5,12.1,24.8,19.2,24.3,23.52608696,1,31,32,,42.9074,373766,51246,87588,-493,24198,134948,70577,1005,1029,564,3105,4098,2670,5,--,92,34,--,64,1226,--,8,11
2022,1,2,2/1/22,18,21.2,25.5,19.2,23,23,23,25.1,21,23,24.6,16.2,20.4,24,20.5,26.8,23.7,15.3,20.5,13.1,22,19.7,23.6,21.40869565,1,28,29,,39.17082,324311,52117,70966,-412,21321,114945,61852,886,900,621,1114,3707,2434,4,--,65,26,--,55,1120,--,3,12
2022,1,3,3/1/22,29.1,35.8,36.6,31.1,33.8,34.4,35.6,36.1,33.1,35.2,34.9,27,31.6,35.4,30.7,37.3,36.3,26.8,31.3,25.8,32.1,34.1,35.2,33.01304348,1,29,30,,40.9904,324531,60371,61019,-318,24436,112477,63154,953,979,500,959,3822,2620,5,--,77,27,--,74,1012,--,8,18
2022,1,4,4/1/22,37,40,38.3,38.7,38,36.5,39.4,42.2,37.8,36.9,41,29,36.2,39.9,31.4,43,38.4,31.6,37.5,29.6,36.3,38.2,38.9,37.20869565,2,25,27,,40.56684,303994,64930,55329,-265,20066,105506,55290,921,941,528,749,3505,2263,5,--,121,27,--,70,1014,--,6,20
2022,1,5,5/1/22,46.5,53.3,50.9,47.8,49.2,50,50.6,53,49.3,49.3,51.5,36.5,47.6,51.9,40.5,54.7,50.8,40.8,46.3,39.6,44.7,51.3,51.3,48.14782609,2,25,27,,41.11315,342184,62847,62532,-467,23359,127094,63382,1036,971,596,834,3319,2244,2,--,148,28,--,80,817,--,1,22
2022,1,6,6/1/22,59.7,65.1,62.6,60.3,63,61.2,63,66.9,60.3,61.8,64.7,49,60.7,64.6,51.4,66.1,62.1,51.6,59.7,50.8,57,63.1,63.6,60.36086957,2,25,27,,38.62609,379134,55514,73463,-589,25988,155517,65715,987,959,683,897,3083,2231,6,--,128,29,--,72,610,--,8,25
2022,1,7,7/1/22,67.8,76.3,73.1,69.9,73.2,71.2,74.2,75.3,71.5,72.4,72,62.8,70.9,75,63.9,75.7,73.4,62.5,71,62.2,68.8,74.2,74.3,70.93913043,2,37,39,,37.65838,422976,51265,86415,-768,24567,189042,68857,1083,982,488,1045,4059,3283,7,--,177,29,--,76,479,--,8,25
2022,1,8,8/1/22,65.5,73.8,73.4,68.5,71.9,71.9,71.7,73.5,70.2,71.6,70.5,60.5,69.7,73.6,62.6,74.4,73.3,60.9,69,61.4,65.9,72.1,74,69.56086957,3,40,43,,40.62399,412134,45160,85215,-640,21133,188860,68897,1008,924,576,1001,4333,3634,3,--,185,18,--,63,427,--,2,22
2022,1,9,9/1/22,58.4,65,64.7,61,62,63.8,64.5,64.5,63.3,63.8,63.2,54.3,61.8,65.5,56.2,65.9,64.5,54.1,61.3,54,59.4,63.8,65.5,61.76086957,2,36,38,,41.63661,351655,46126,64998,-598,17026,156948,63733,987,845,648,942,4053,3340,4,--,135,24,--,51,490,--,8,20
2022,1,10,10/1/22,42.9,47.8,48.7,44.3,46.5,46.3,48.3,48.8,47.1,47.6,49,38.3,46.2,48.5,42.6,50.5,48.4,40.1,44.6,39.6,44.4,46.7,48.2,45.88695652,2,36,38,,41.55071,313949,49978,54228,-434,14367,133492,58945,968,844,610,952,4174,3242,2,--,178,28,--,41,674,--,8,16
2022,1,11,11/1/22,25.5,21.9,29.3,26.7,28.3,26.6,27.7,30.7,24,26.6,31.4,18.8,26.9,29.9,22.5,33.5,26.1,20.5,24.6,17.8,25.2,24.4,28.1,25.95652174,2,32,34,,39.45802,321781,55182,56377,-495,17898,127523,62041,911,864,568,911,4010,2873,4,--,162,31,--,54,878,--,8,10
2022,1,12,12/1/22,21.9,14.2,20.1,21.2,23.3,18.9,14.7,23.3,15.9,18.7,27.2,13.4,21.2,22.4,19,27.5,17,12.1,17.6,13.9,19.8,15,19.8,19.04782609,3,31,34,,37.9774,360257,51292,73381,-548,20430,140716,69094,978,876,744,3296,4185,2685,6,--,194,28,--,45,1219,--,8,7
2023,1,1,1/1/23,20,19.8,26.6,21,23.3,26,12.9,24.9,19.4,24.2,26.3,15.7,22.2,25.3,19.5,28.1,25.7,11.6,16.7,14.8,18.6,19.6,25.5,21.20434783,3,34,37,,37.43584,347817,53158,61291,-612,22288,137541,70870,990,890,406,995,4164,2964,3,--,190,30,--,50,920,--,8,7
2023,1,2,2/1/23,19.6,16.5,25.1,18.9,23,24.4,11.5,25.8,17.2,22.4,27.1,15.7,19.1,24.8,20.3,28.1,21.6,9.1,14.4,12.6,16.9,17.2,24.2,19.80434783,2,24,26,,39.54405,309116,56489,46488,-448,18682,123921,60807,912,801,335,1129,3329,2080,5,--,163,30,--,45,999,--,7,12
2023,1,3,3/1/23,24.1,28.2,28,23.5,27.9,26.7,21.4,32.7,24,25.5,30.2,15.9,23.7,29.8,21.5,33.8,23.4,12.6,20.4,17.4,19.7,27.2,28.6,24.6173913,2,25,27,,36.93764,329839,62008,50067,-511,20228,132153,62820,961,814,323,976,3351,2165,4,--,166,34,--,49,926,--,7,18
2023,1,4,4/1/23,34.6,43.6,40.5,35.7,39,39.1,38.2,42.7,38.7,40.1,40.9,27.3,37,40.3,32.5,43.3,40.4,26.8,33.2,28.7,31.4,41.2,40,37.1826087,2,20,22,,35.06439,299673,62603,40079,-281,17481,120478,56662,717,739,301,893,2805,1661,4,--,180,31,--,45,878,--,6,22
2023,1,5,5/1/23,51,61,57.2,52.9,56.3,56.7,56.9,58.3,55.6,56.6,54.7,43.8,54.6,58,48.8,59.1,57.6,46.7,52.5,46.7,49.7,58.1,58.4,54.4,3,22,25,,30.14247,327533,54437,43852,-450,27479,137795,61473,901,857,286,902,2705,1770,7,--,180,30,--,93,623,--,1,19
2023,1,6,6/1/23,57.2,64.7,62.1,58.8,60.8,61.6,60.9,64.4,59.7,61,60.6,47.7,59,63,50.5,64.7,61.9,51.4,57.8,50.9,54.5,62.6,63.8,59.11304348,2,28,30,,34.85928,356672,50357,57698,-542,19471,161693,64965,895,848,383,906,3234,2440,4,--,171,29,--,66,516,--,8,22
2023,1,7,7/1/23,64.9,72.8,70.1,67.8,69,67.8,70.4,70.8,68.5,68.8,68.1,60.6,68,70.1,61.3,71.7,69.1,60.9,69,60.6,66.7,70.7,70.3,67.73913043,,,,,36.43977,425611,52183,78910,-648,21238,200507,69888,995,870,702,967,4133,3375,3,--,189,10,--,60,489,--,7,25
2023,1,8,8/1/23,64.1,72,70.9,65.6,69.2,68.2,68.6,70.7,68.5,68.5,67.3,57.3,66.8,70.7,60,71.5,69.3,59,66.3,58.3,63.8,70.1,71.1,66.86086957,,,,,,423934,51854,78185,-644,21146,199993,69744,1151,815,701,990,4187,3310,2,--,223,27,--,52,565,--,8,23
2023,1,9,9/1/23,57,63.7,63.9,58.5,61.7,61.6,62,63.1,60.3,62,61.8,49.2,60.4,63.9,52.7,65.5,62.3,50.4,58,50.6,56.4,62.6,64.8,59.66956522,,,,,,358136,48806,60006,-544,16496,164466,65560,951,775,635,985,3519,2720,4,--,154,30,--,41,561,--,8,20
2023,1,10,10/1/23,44.8,45.1,46.8,45.1,45.7,45,47.2,47.9,43.4,45.4,48.1,38.8,45.1,46.6,41.2,49.5,46,41.1,45.3,40,45.4,45.3,46.6,45.0173913,,,,,,,,,,,,,,,,,,,,,,,,,,,,