Date,Albany,Big Horn,Campbell,Carbon,Converse,Crook,Fremont,Goshen,Hot Springs,Johnson,Laramie,Lincoln,Natrona,Niobrara,Park,Platte,Sheridan,Sublette,Sweetwater,Teton,Uinta,Washakie,Weston,WY Ave by County
1/1/00,25.1,19.2,26.9,29,28.2,23.9,27.4,30.7,27.1,25.9,31,16.6,26.9,28.1,22.6,32.8,24.1,15.4,24.5,17.8,25.1,23.6,25.4,25.1
2/1/00,28.7,31.1,31.7,31.7,32.6,30.5,31.2,35.1,32.9,31.7,34.7,21.9,30.9,32.2,27.2,37.1,28.5,19.4,28.2,22.4,28,31.5,31.1,30.01304348
3/1/00,31.8,40,37.7,34.9,36.5,36.4,37.6,40.1,39,37.8,37.3,23.4,36.2,37.9,30.1,40.7,37.8,24.2,32.1,26.4,30.5,38.3,38.2,34.99565217
4/1/00,40.3,47.7,43.1,45.8,43.1,41.6,46.3,47,47.2,44,45,35.2,43.5,43.9,38.9,47.8,44.1,38.1,43.7,38.1,42.4,46.2,44.4,43.36521739
5/1/00,50.2,57.5,53,54.9,53.6,52.5,56,58.5,55.8,53.7,54.9,41.4,53.6,55.7,45,58.7,53.9,46,52.6,44.9,50.3,56.3,55.7,52.81304348
6/1/00,57.6,64.5,60.7,62.1,60.2,59.2,62.3,65.3,62.9,60.4,62.2,49.8,60.2,62.9,52,65.5,60.1,52.8,60.5,52.2,58.1,63.3,62.5,59.8826087
7/1/00,66.5,74.7,73,70.2,71.7,71,72.3,74.6,72.6,72.3,71.8,60.6,71.2,74.2,64.4,75.2,72.3,60.8,69.6,60.5,66.5,73.6,74.6,70.1826087
8/1/00,66.3,73,72.7,70.9,71.4,71.3,72,74.3,72.1,72,70.9,60.8,71.3,73.6,62.2,75.5,70.9,60.5,69.2,59.6,67,72.5,74.5,69.76086957
9/1/00,53.4,58.8,59.2,55.4,57.2,58.3,56.6,60.5,58.1,57.3,58.8,46.5,56.7,60.7,49.5,61.4,57.3,47.7,53.2,48,52,57.5,61.3,55.88695652
10/1/00,42.5,46.7,47.1,44.5,46.5,46.7,45.6,49,47.3,45.2,47.2,36.1,45.5,47.9,40.5,50.9,45.6,37.6,43.5,38.9,42.2,46.3,48.4,44.85652174
11/1/00,18.8,18.8,22.6,19.1,21.2,20.2,15.5,25.3,21,20.8,26,16.9,19,23.2,21,26.6,23.5,16.9,19.6,18.1,21.6,19.6,22.4,20.76956522
12/1/00,17.5,17,18.2,19.6,20.1,16.8,15.8,23.9,20.3,18.4,25.5,17.8,20.1,19.5,20.6,25.2,18.2,13.5,20.2,14.7,24.3,17.2,16.3,19.16086957
1/1/01,17.1,16.6,27.7,18.5,23.7,24.6,16.1,28.1,22.6,25.2,27.8,17.8,23.8,26,23.1,28.5,24.7,12.6,17.9,12,20.6,19.5,24.4,21.69130435
2/1/01,20.2,14.6,19.1,21.7,21.1,17.4,17.4,26.1,20.6,18,26.4,16.4,19.8,19.5,18.7,28.2,16.6,14,19.7,16.9,21.7,15.3,17.8,19.44347826
3/1/01,29.4,36.2,33.8,32.4,33.6,31.9,35.4,37.5,36.6,33.6,34.8,26.9,32.7,33.7,30.4,38.3,33.6,27,32.5,28,31.6,35.6,33.7,33.00869565
4/1/01,38.8,47.1,44.1,42.7,43.4,43,45,46.5,45.4,43.8,43.6,32,43.3,44.9,35.1,47.8,44.1,35.3,41.1,33.9,39,45.6,45.4,42.21304348
5/1/01,48.9,59.4,54.1,52.2,53.3,52.5,56.7,56.4,57.7,55.4,52.5,43,53.9,54.4,46.2,56.4,55.7,46.7,52.3,45.1,50.3,57.6,55.4,52.87391304
6/1/01,59.2,66.2,63.1,61.7,63.5,60.6,64.9,66.6,64.8,63.8,63.5,50,63.1,64.1,52.9,69.7,62.8,53.5,61.6,52.8,58.3,65.4,64.7,61.6
7/1/01,67.3,76.4,73.4,70.8,72.5,70.8,73.7,75.9,73.3,73.4,71.7,60.6,72.9,74.4,64.1,77.2,74,61.8,70.9,60.7,66.2,74.9,74.7,70.93913043
8/1/01,65,74.2,73.4,67.6,71.3,70.7,72,72.8,72.6,71.9,68.8,61.1,70.9,73.2,63,74.4,72.6,61.3,68.8,60.6,66.1,73.2,74.5,69.56521739
9/1/01,56.2,63.2,62.2,60,60.8,59.4,62.5,63.2,62.8,61.4,61.4,51.9,60.9,62.8,54.7,63.5,61.2,52.3,59.2,52.4,58.6,62,63.5,59.83043478
10/1/01,43.2,47,46.7,46,45.7,44.5,46.4,47.4,47.4,44.8,47,37,45.4,46.9,40.3,50.8,45.1,38.1,45.3,38.5,45.4,46.6,47.1,44.89565217
11/1/01,31.6,37.4,39.6,34.2,37,36.4,35.1,38.5,38.3,38.5,38.8,28.4,37.8,37.4,34,42.7,37.5,29.6,33.8,30.1,32.6,36.7,37.2,35.79130435
12/1/01,21.1,21.7,26.9,21.9,26.7,25.3,20.6,29.9,23.7,25.4,29.4,14.9,24.5,27.1,20.8,31.5,26.3,9.2,18.3,13,19,21.5,24.7,22.75652174
1/1/02,19.9,19.9,25.3,20.3,24.7,23.2,21.5,29,22.3,22.9,27.5,13.8,21.9,25.8,18.9,29,24.8,10,19.3,14,21.2,19.5,23.1,21.64347826
2/1/02,21,22.6,29,22.1,27.7,26.1,23.5,30.6,27.1,27.6,28.8,17.5,25.6,28.7,21.7,31.2,28.8,11.1,20.8,14.5,21.2,24.1,27.4,24.29130435
3/1/02,24.6,26.7,22.2,25.9,24.2,22.3,27.8,29,27.1,21.4,28.6,19.6,24.6,23.8,21.7,27.8,21.8,21.2,26.3,21.9,26.3,25.6,23.6,24.52173913
4/1/02,40.1,44.4,40.8,43.6,42.2,39.3,43.4,47.3,44.1,40.2,44.2,32.5,41.3,43.9,33.6,48.7,40.5,35.9,41.4,34.6,39.9,43.9,43.1,41.25652174
5/1/02,46.6,54.4,49.1,49.8,49.4,48,51.9,53.8,52.6,48.8,50.6,38.8,49.1,50.3,41.4,54.1,49.1,43,49.8,42.5,47.5,53.2,50.5,48.8826087
6/1/02,61.6,67.5,65.3,63.6,65.5,63.9,65.3,70.7,65.2,64.5,67.2,51.6,64.5,67.6,53.6,69.4,64.2,54.2,63.3,52.8,59.7,66.1,68.3,63.28695652
7/1/02,67.7,76.6,74.8,71,73.2,74.2,74.2,76.1,74.6,74.1,72.8,62.5,73.3,75.7,65.9,76.1,74.9,63.2,72.4,63.2,67.7,75,77.4,72.02608696
8/1/02,61.9,68.5,66.8,65,65.9,66,65.6,69.6,66.8,66,66.4,56.6,65.7,69.3,56.3,70.1,65.6,56.6,65.2,55.7,63,67.1,69.8,64.76086957
9/1/02,55.2,60.5,60.1,57,58.6,58.5,59.2,61.4,60.3,58.2,59.1,48.7,58,60.9,51.2,61.3,58.7,50.2,56.8,49.2,55.7,59.5,61.4,57.37826087
10/1/02,37.2,40.8,39.3,39.4,39,38,39.9,41.8,41.1,38.6,40.8,33.4,38.9,40.8,34.5,42.2,38.6,34.8,40,34.8,40.3,39.9,40.6,38.9
11/1/02,27.2,30.5,35.3,29.9,32.8,33.7,28.4,35.1,32.3,33.4,33.9,22.9,31,34.4,28.3,37.3,35.1,22.1,28,23.2,28.2,30.9,34.4,30.79565217
12/1/02,23.6,17.1,30.4,25.9,30.2,28.9,20.1,31.5,25.6,29.2,31.9,19.3,27.7,30.3,24.3,34.6,28.5,16.3,24.5,17.8,25.7,21.4,28.7,25.80434783
1/1/03,29.5,21.7,28.9,29.9,31.8,26.1,27.3,32.5,29.4,29.5,34.5,23.6,30.7,29.1,27.5,35,29.2,21.2,28,21.3,31.1,26.2,26.7,28.29130435
2/1/03,19.7,21.4,23,22.7,22.3,20.4,18.3,25.7,21.9,23.3,25.5,16.5,21.3,23.4,20,26.9,22.7,13.1,22.4,15.2,21.4,21.1,22.1,21.3173913
3/1/03,30.4,33.5,31.6,33.8,33.8,30,35.5,36.5,35.3,32.2,35.7,24.3,33,34.3,27.9,38.6,31.1,27.2,32.8,27.3,31.7,33.8,33,32.3173913
4/1/03,40.3,50.6,48.2,43.8,46.6,46.4,47.6,49.1,48.4,48.2,45.6,33.1,45.4,47.4,38.2,49.6,48,37.3,42.7,35.3,40,48.5,48.4,44.72608696
5/1/03,47.9,54.9,51.7,50.5,52.7,50.9,54.1,56.4,54.3,52.1,52.9,41.3,51.8,53.9,44,55.8,51.5,44.8,51.1,43.7,49,53.8,54.1,51.00869565
6/1/03,54.4,63.5,58.9,57.8,58.8,57.7,60.4,62.4,61,58.8,57.8,48.5,58,60.4,50.2,61.6,59.6,52,57.7,50.6,55.7,61.8,60.4,57.73913043
7/1/03,68.5,77.6,73.8,71.6,73.7,72.4,75.4,76.6,74.9,75.1,73.5,63.8,72.9,76.2,67.1,77,74.2,63.6,73.2,63,69.3,75.7,77,72.43913043
8/1/03,65.6,75.2,75,69.6,72.2,73.7,73.3,73.8,73.9,74.6,70.1,60.2,72.3,74.7,63.4,74.4,73.7,61.8,69.9,61.7,66.1,74.3,76.8,70.70869565
9/1/03,51.7,57.5,57.3,54.7,55.1,55.4,56.5,58.3,57.2,56.4,56.1,46.9,55,58.1,49.4,59.7,56.8,48.5,54.9,48.4,54.4,56.4,58.3,54.91304348
10/1/03,46.2,50.6,51.6,48.7,49,48.7,50.9,51.5,51.3,50.6,51.8,41.9,48.9,51.2,45,53.5,51.2,42.8,48.8,42.3,49.1,50.1,51.6,49.01304348
11/1/03,26,25.2,27.2,25.7,27.6,25.8,24.1,32.4,25.9,27,32.3,17.5,25.9,28.4,21.6,35.8,26.8,15.6,23.5,18.2,23.6,24.9,26.6,25.54782609
12/1/03,23.5,25.4,28.9,25.8,28.5,27.9,24.5,30.6,27.2,28.4,30.5,19.9,27.7,29.1,24,32.6,27.2,16.9,23.1,19.2,24.2,24.8,27.2,25.96086957
1/1/04,23.5,12.6,25,24,27.7,21.7,17.3,28.8,20.1,23.8,30.3,17.2,25.6,26.4,22,31.5,21.1,10.3,16.8,13.8,20,14.1,23.1,21.59565217
2/1/04,21.4,26.2,29.8,23.4,27.2,26.2,22.8,30.2,26.5,29.4,28.5,18.2,24.9,28.8,23.2,31.8,28.7,11.7,18,17.4,19,24.1,28,24.5826087
3/1/04,34.9,41.5,38.9,37.6,38,37,37.4,42.2,40.3,38.7,40.6,30.2,36.6,39.6,33.5,43.7,39,28.1,35.5,31,35.6,40.2,39.2,37.36086957
4/1/04,40.4,48.8,46,43.1,44.4,45,45.8,48.1,47,45.3,44.8,35.3,43.8,46.8,38.3,49.9,46,38.9,42.6,37.9,41.3,47,47.7,44.09565217
5/1/04,49.1,55,52.6,52,52.9,51.3,53,57.1,53.4,52.5,54,39.2,51.8,54.8,42.2,58.9,52,43.7,50.2,42.3,47.1,53.9,54.5,51.02173913
6/1/04,55.1,63.2,59.6,59.4,59.3,57.4,60.7,63.2,60.8,59.3,59.5,48.7,58.2,60.7,49.6,63.3,59.4,51.9,58.9,50.8,57,61.8,61.3,58.22173913
7/1/04,61.8,71.9,69.5,65.8,67.4,67.8,68.1,70.4,69.1,69,66.6,56.9,67.5,69.9,60.1,69.5,68.6,59.2,66.7,58.2,63.4,69.9,71.1,66.45217391
8/1/04,58.8,67.3,65.3,62.5,64,63.2,65.2,67,65.7,65.3,64.1,54,63.8,66.6,55.7,67.7,65.1,55.7,63.3,55.9,60.7,66,67.4,63.05652174
9/1/04,53.3,59.3,59.8,56.4,58.4,59.1,58.5,61.2,59.1,58.5,58.7,45.4,58,62,49,62.3,57.8,48.1,55.2,48.2,53.6,58.3,61.9,56.61304348
10/1/04,43.3,47.7,48,46.1,46.6,46.3,46.7,49.1,48.1,47.1,47.6,36.2,46.2,48.6,40.4,49.8,46.5,39.3,44.5,38.5,43.2,47.4,48.8,45.47826087
11/1/04,28.8,33.7,36.2,31.8,33.4,34.6,32,35.3,34.4,35.5,34.6,24.1,33.2,35.1,30,37.3,35.7,26.3,30.3,26,29.2,33.6,35.2,32.44782609
12/1/04,23.3,26.4,30.7,25.5,28.8,29.3,25.5,30.7,28.3,29.4,31.1,18.4,28.2,30.5,24.4,32.8,30.3,19.3,25.2,19.8,25.2,25.9,28.5,26.84782609
1/1/05,27.8,20.2,24.1,28.4,27.4,22.7,24.4,29.8,24.5,24.3,31.5,21.4,27.2,24.6,23.8,31.5,21.5,18.2,26,20.4,26.5,22.4,22.6,24.83478261
2/1/05,24.6,28.3,31.7,26.2,32,30,30.2,34.1,30.5,30.2,32.3,20.7,30.6,33.5,26,35.3,30.1,14.4,23,17.4,24,28.9,31.7,28.07391304
3/1/05,30.6,37.7,35.9,33.7,35.7,35,36.9,39.1,38,36.7,35.9,24.9,35.2,36.3,29.2,40.4,37.8,26.1,31.6,27.2,31.6,36.5,36.9,34.3
4/1/05,38.1,45.8,43.8,41.3,42.8,42.9,44.2,46,44.8,43.3,42.6,32.4,41.8,45.1,35.5,46.2,43.6,35.9,40.5,35.6,39.1,44.4,45.5,41.79130435
5/1/05,46.4,53.8,49.2,49.8,49.8,48.7,52,53.5,52.2,49.7,51,40.5,49.5,51.3,41.8,52.8,49.8,44.4,49,43.2,47.8,52.7,51.6,49.15217391
6/1/05,56,63.9,62.9,58.7,61.6,62,61.4,65.4,61.7,62.4,60.9,45.6,60.7,63.9,50.3,65.1,61.5,50.2,57.1,48.8,53.6,62.6,64.5,59.16521739
7/1/05,66.4,74.9,72.7,69.6,71.9,71.4,73.4,74.4,72.9,71.4,70.9,60.2,71.5,73.4,63.8,75.2,72.1,60.7,70.1,60,66.5,73.8,75,70.09565217
8/1/05,61.7,69.1,67.7,64.5,66.7,66.6,67.5,68.8,67.4,66.3,66.1,56.5,66.1,68.8,58.1,69.4,66.3,57.5,65.2,57.2,62.4,68,70,65.12608696
9/1/05,55.3,59.5,61.7,56.7,59.9,60.2,59.4,62.6,59.5,59.4,60.9,47,59.2,63,50.2,63.1,58.8,48.3,55.3,47.8,53.4,58.9,63.1,57.53043478
10/1/05,44.8,48.3,49.3,47.4,48.2,47.2,48.6,48.7,48.3,48,48.4,39.3,48.5,49.2,43.9,50.3,47.5,40.8,46.5,40.9,45,48,49.4,46.80434783
11/1/05,32.6,34.8,38.6,34.4,38.3,36.1,35,40.3,35.3,36.5,39.2,24.9,36.4,39.7,30.7,41.3,36.8,27.5,33,25,33,34.8,38.3,34.89130435
12/1/05,20.1,18,24.4,21.7,24.3,20.8,19.4,25.3,21.6,22.9,26.8,15.1,23.3,24,21.1,29.2,21.9,13.9,19.6,14.2,22.3,17.3,21.4,21.24347826
1/1/06,25.1,30.5,36.9,26.7,32.7,33,28.8,35.1,31,32.9,34.9,18,29.9,35.3,25.7,37.5,34,14.8,23.9,17.2,24.4,30.8,33.1,29.22608696
2/1/06,19.6,24.1,26.8,21.2,23.6,23.6,23.2,26.1,25.3,23.9,26.2,16.1,22,24.5,19.1,27.6,25.7,11.3,20.2,14.3,21.7,23.6,23.7,22.32173913
3/1/06,27.4,36.7,33.8,30.7,33.6,33.2,34.5,34.6,36,34.4,32.5,21.5,33.3,33.5,27.3,35.1,34.8,21.3,30,22.6,27.5,36,34.9,31.53043478
4/1/06,42,50.5,46.8,45,46.8,45.8,46.9,49.7,48.1,47.4,46.8,34.4,46.4,48.5,38.6,51.5,46.6,37.8,42.9,37.1,41.5,48,48.8,45.12608696
5/1/06,49.6,58.1,54.3,52.9,54,53.5,55.9,57.3,55.6,54.4,54.1,43,53.5,55.3,46.6,57.9,54.2,46,52.3,45,50.2,56.3,56.1,52.87391304
6/1/06,61.4,69.5,66.8,64.7,67.7,64.3,67.8,69.8,66.4,66.5,66.4,52.5,66.4,68.8,56.1,70.4,65.6,55.8,64,54.7,59.9,68.2,68.9,64.46086957
7/1/06,67.5,77.1,75.8,71,74.3,74.3,75.6,76.4,74.3,75,71.9,63,74.6,76.6,67.2,77.1,75.4,64,72,63.2,68.7,75.5,77.7,72.53043478
8/1/06,63.5,71.4,70,66.1,69.1,68,69.4,72,68.7,69.5,68,57.4,68.7,71.5,59.7,71.6,69.6,58.1,65.9,56.9,62.6,70.2,71.6,66.93478261
9/1/06,49.1,57.5,56,53.2,53.8,53.6,56.1,55.6,56.8,54.9,53.8,45.6,54.2,56.1,50,56.6,55.7,48.5,52.9,48.2,51.3,56.3,56.4,53.57391304
10/1/06,39.3,44.6,44.4,41.8,43.9,41.7,44.7,46.3,44.8,44,45.2,35,44,44.7,39,49.2,43.4,38.3,41.9,36.7,41.5,44.3,44.3,42.73913043
11/1/06,32,34.2,35.2,34,35,32.5,35.4,35.3,35.5,35.6,36.7,22.8,35.1,35.8,29.4,38.5,34.9,24.8,31.5,25.7,30.7,34.8,34.7,33.04782609
12/1/06,20.4,21.3,29.2,21.3,27.5,27.4,24.6,28.9,25.5,27.4,29.1,17.5,26.8,29.1,23.8,29.4,27.6,15.1,21.7,14.9,22.9,22.6,27.2,24.4
1/1/07,10.9,13.6,23.1,12.9,19.6,20.7,14.8,22,16.9,19.8,22.2,14.2,18.4,22.2,18.1,24,21.1,8.8,12.7,8,17.1,12.7,20.7,17.15217391
2/1/07,26,21.3,23.8,27.6,26.3,21.2,29.5,27.8,25.5,23.8,28.9,19.6,27.1,24.7,24.4,29.6,22.9,20,26.4,21.1,26.7,21.1,22.8,24.7
3/1/07,34.9,41.6,41.5,37.6,40.5,40,41.5,43.3,41,40.9,41.2,29.6,39.8,42.3,34.4,44.8,39.7,30.5,36.5,31,35.1,40.6,42.2,38.7173913
4/1/07,38.1,45.8,41,42.1,41.7,40.2,44.5,43.9,43.9,42.1,41.6,33.5,41.6,42.3,36.6,45.3,41,37.1,41.7,36.7,40.4,44.6,43,41.24782609
5/1/07,49,58.4,55.1,52.1,54.2,55,55.4,57.9,55.4,55.3,53.6,43.4,53.7,57.2,47,57.5,54.6,46.4,51.7,45.8,49.8,57,58.2,53.20434783
6/1/07,58.6,67.5,63.4,62.1,63.8,62.8,66,67.6,65.4,63.4,63.5,53,62.8,66.9,55.8,66.7,62.2,56.2,63.5,55.1,60.1,66.1,66.6,62.56956522
7/1/07,67.5,79.1,75.2,71.3,74,73.6,75.1,76.6,75,75.1,72.2,64.4,73.7,77.2,68.4,73.9,75,65.5,72.9,66,69.6,76.9,78,72.87826087
8/1/07,65.3,72.9,71.9,68,70.5,70.1,70.5,74.1,70.3,70.2,70.4,60,69.8,73.6,61.1,76.2,69.9,60.5,68.6,59.9,66.4,71.6,74.2,68.95652174
9/1/07,55.6,61,61.6,58.4,60,59.1,59.5,62.5,59.6,59.3,59.7,48.9,58.8,63.1,51.5,65.4,59.3,50.7,56.7,51.2,54.8,59.9,62.9,58.23913043
10/1/07,43.8,47.7,48.7,45.4,47.3,46.6,47.4,50,47.6,47.4,49.2,36.7,47,49.3,40.5,52.5,48.1,39.7,45.9,39,43.9,47.2,49.4,46.1
11/1/07,33.2,35.4,36.4,36.5,36,33.7,35,38.5,34.9,35.2,37.8,26.8,35.8,36.8,31,40.7,35.6,28.9,34.4,27.8,34.8,34.6,36,34.6
12/1/07,17,17.4,22.4,18.9,21.2,20.6,14.3,22.4,17.9,20.7,23.1,12.8,20,21,17.2,25.5,22.5,13,17.8,15.9,19.7,16.2,19.4,18.99565217
1/1/08,15.4,14.8,21.3,16.5,21,18.2,13.7,22.8,17.2,20.5,23.3,11.2,18.4,20.5,17.1,26,20.1,6,12.6,11.3,14.6,14.7,18.2,17.19130435
2/1/08,19.6,25.5,25.6,21.1,26.4,21.5,26.4,29.6,28.3,25.8,28.8,17.8,25.5,26.9,23.1,30.9,26.1,14,20.9,18,21.9,26.2,24.4,24.1
3/1/08,27.1,34.6,32.9,28.1,33.4,31.1,33.2,38.4,33.6,32.4,34.6,20.4,30.8,35.1,24.7,38.4,33,20.6,27.4,21.3,26.6,33.8,34.4,30.69130435
4/1/08,34.1,40.1,39.6,36.3,38.7,38.7,40.2,43,39.1,38.7,39.7,25,38.4,41.3,31.7,44,38.7,28.2,35.3,28.1,32.5,38.7,41.7,37.03478261
5/1/08,45.3,53.2,49.2,48,49.1,48.1,50.8,53.5,50.8,49.3,50.4,38,48.7,51,42.1,53.8,50.3,42.4,46.9,41.6,45.1,51.6,51.2,48.27826087
6/1/08,55.7,62.9,59.1,57.7,59.5,58.2,60.8,63.5,60.6,59.3,60.7,47.2,58.4,61.7,50.8,64.5,58.2,51.1,58,50.3,55.5,61.4,61.6,58.1173913
7/1/08,65.5,73.1,70.9,69,70.9,68.6,72.4,73.4,71.5,71.1,71.1,60.9,70.7,73.1,64.1,73.7,70.2,61.2,70.2,60.6,66.5,72.5,72.8,69.30434783
8/1/08,62.5,70.8,70.3,66.1,68.1,67.6,69.4,69.7,69.5,69.7,66.2,58.5,68.3,71,60.7,70,70.1,58.6,66.9,59.2,64.1,70,71.8,66.9173913
9/1/08,51.9,56.8,56.7,54.5,55.6,54.6,55.9,58.2,56.5,55.8,56.5,47.4,55,58.8,48.9,58.8,55.3,48.3,54.3,48.8,53.7,56.3,58.1,54.63913043
10/1/08,41.5,45.6,46,44.7,44.6,43.8,44.7,47,45.1,45.6,46.7,37.4,44.9,46.4,41.8,49.8,45.9,39.6,44.1,38.7,44.2,44.6,47.5,44.35652174
11/1/08,34.3,38.3,38.9,37,38.4,36.9,37.7,41.1,38.3,39,40.2,27.9,38.9,38.5,34.2,42.9,39.2,31.2,35.8,30.1,35.5,37.9,38.1,36.96956522
12/1/08,20.3,14.8,19.2,22.2,21.1,16.8,20.9,24.1,19.2,18.1,24.7,14.2,20.4,20.2,17.3,26.2,17,15.1,21,17,22.6,15.5,17.7,19.37391304
1/1/09,24.1,17.2,25.4,24.4,26.1,23.3,25.9,28.5,24.2,24.9,29.5,19.2,25.9,26.5,23.8,29.6,24.8,16.9,23.9,16.3,26,19.6,23.6,23.89565217
2/1/09,26.3,24.8,31,28.1,30.8,28.8,30.7,33.2,30.7,30.7,33.3,19.4,30.2,31.4,25.7,36,30.1,15.9,26.4,19.3,25.6,27.4,30.1,28.0826087
3/1/09,30.9,33.9,33.3,33.2,33.1,31.4,32.3,37.1,32.8,32.5,36.1,23.5,32.7,34.6,27.2,40.1,31.7,23.7,31.2,25.4,29.3,33.4,34.8,31.92173913
4/1/09,35.6,44,40,39.1,39.2,39,41.9,42.6,42.2,41.3,40.2,31.2,38.8,40.7,35.2,43.5,41.6,35.1,38.7,34.8,37.2,42.5,41.9,39.40434783
5/1/09,48.5,56.2,52.3,51.6,52.3,51.5,54.5,56.1,54.1,53.1,53.2,40.9,51.9,54.2,44,56.4,52.9,45,51.3,44.4,49.3,54.8,54.4,51.43043478
6/1/09,55.1,61.6,59.3,58,59.2,57.9,58.5,63,59,58.5,59.3,45.7,57.9,61,49,62.7,57.9,51,56.5,50.7,53.4,60.2,61.3,57.24782609
7/1/09,62.3,71,67.9,65.6,67.1,65.4,68.3,69.2,68.4,67.1,65.8,57.4,66.6,68.6,59.6,69.7,67.8,59.5,67.1,58.6,63.9,69.6,70,65.93478261
8/1/09,59.9,67.9,66.8,63.1,65.3,63.3,66.1,67.2,65.3,65.4,64.9,55.2,64.1,67.3,57.2,67.8,65.9,56.6,64.1,56.8,61.4,66.4,67.9,63.73478261
9/1/09,54.6,63.9,63.4,58.8,60,60.2,62,60.8,62.8,62.7,58.5,53.1,59.1,62.2,56.1,61.7,62.3,53.4,59.3,54.5,57.6,62.6,63.6,59.70434783
10/1/09,34.7,38.3,37.2,37.5,37,35.7,37.4,39.7,38.4,36.2,38,29.1,36.1,38.5,31.6,43,37.2,32.6,37,33,37.6,37.9,38.7,36.62608696
11/1/09,30.9,35.3,39.9,34.4,37.8,37.7,34.9,38.9,35.7,38.9,38.3,26.9,37.4,39.8,33.1,41.8,38,27.2,33.3,26.9,33,35.7,39.3,35.43913043
12/1/09,13.8,10.7,16.8,16.5,16.5,15.1,12.8,19.3,13.1,15.1,21.2,11.6,16,16.8,15.1,21.4,15.1,10.1,14.8,11.7,17.9,10.6,15.4,15.10434783
1/1/10,18.4,18,26.2,22.7,23.8,21.5,16.1,26.7,22.3,25.7,29,19.6,24,24.6,25.3,29.3,22.8,14.8,20.4,16.1,24,18.1,22.7,22.26521739
2/1/10,17,22.7,25,21.7,22.2,19.4,21.2,24.4,24.1,23.8,24.5,17.1,22.4,22.8,22.1,26.6,23.5,14.4,21.6,17.3,22.5,21,22,21.70869565
3/1/10,28.8,39.7,39.3,34.2,36.7,36.4,37.6,38.7,39.3,39.1,36,25.7,36,38.5,31.3,40.6,39.6,28.6,32.9,27.9,30.8,38.4,39.5,35.46086957
4/1/10,37.5,45.4,43.2,39.9,42.7,42.4,42.6,46.2,43.3,42.6,42.5,30,40.2,44.8,35.8,47,43.2,33.7,38.7,33.3,36.5,43.7,45,40.87826087
5/1/10,43.2,50.2,47.9,45,47.1,47.1,46.7,51.9,47.5,47.1,48.1,33.4,45.2,49.2,37.7,52.1,48.1,37.5,43.9,37.2,41.6,48.4,49.6,45.46521739
6/1/10,57.3,63.8,60.7,59.3,60.7,59.7,61.1,65,61.3,60.5,62.2,46.7,59.3,62.7,50.3,63.7,60.2,51.5,59.3,49.6,56,62.4,62.7,58.95652174
7/1/10,64.3,72.2,69.3,68,68.4,67.1,69.9,71,69.6,68.5,68.4,57.6,67.5,70.4,61.7,71.2,68.5,58.6,67.9,58.3,64.6,70.8,70.9,67.16086957
8/1/10,62.9,70.5,70.7,65.2,69.4,68.8,69,71.6,68.5,69.7,68.6,56.3,68.6,72.7,59.4,72.1,69,57.6,65.7,57.4,62.8,69.6,72.9,66.91304348
9/1/10,56.2,60,60,58,59.2,57.1,60.4,61.2,59.4,59.4,61,49.7,58.3,61.1,53.2,62.9,58.6,49.9,58.2,50,56.9,59.2,61.2,57.87391304
10/1/10,45.1,51.8,52.7,48.4,49.7,49.7,51,51.2,51.2,51.7,50,39.9,49.7,51.7,46.1,52.8,52.2,42.1,47.9,42.2,45.7,51.1,52.4,48.96956522
11/1/10,28.4,28.7,31.4,30.8,31.9,29.2,31.7,33.3,30.9,31.3,33.8,21.4,30.9,31.8,27.3,37,30.3,24,29.5,24.5,29.3,29.2,31.4,29.91304348
12/1/10,23.4,20,25.8,26.1,27.2,23.9,25,29.3,23.5,25.1,31.4,19.4,25.5,26.9,23.9,32.3,22.6,17.2,24.3,20.7,25.4,20.6,23.4,24.47391304
1/1/11,19.8,15.6,22.8,21.8,23.7,21.1,21.3,25.9,19.7,22.6,27.3,15.2,22.3,22.8,21.4,28.4,23.4,12.9,19.6,15.6,22.8,15.8,20.2,20.95652174
2/1/11,16,13,19,18.1,19.6,16.5,16.8,22.4,17.5,19.2,23,13.3,17.1,20.4,17.5,26,19.1,10.4,18.4,15.4,20.1,14.3,18.2,17.8826087
3/1/11,31.2,35.7,35,33,35.6,32,36.2,38.9,35.8,34.5,37,22.6,34.2,35.8,28.8,40.9,34.2,20.5,31.1,26.7,29.4,35.1,34.2,32.97391304
4/1/11,36.8,43.4,41.6,38.5,40.9,39.8,42.1,44.9,41.1,40.7,42.1,27.1,39.5,42.7,32.9,46.7,41.1,30.3,37.8,31.4,34.9,41.7,42.7,39.16086957
5/1/11,42.3,50.4,47.5,45.5,46,46.7,47.3,49.8,47.8,46.8,46.5,35,45.4,48.2,40.1,50,47.8,39,44.3,39.3,42,48.4,48.8,45.43043478
6/1/11,56.3,62.7,60.7,58.4,60.5,59.7,60.6,63.5,60.1,60.6,61.3,45.2,59.1,62.4,51.1,64.9,60.2,49.1,58.3,49.1,54.4,61.7,62.4,58.36086957
7/1/11,66.1,75.1,73.1,68.1,72.4,71.1,72.7,73.4,72.4,72.2,71,57.9,71.3,74.3,64.7,74.6,71.9,59.5,68.4,59.1,64.6,73.6,75.3,69.68695652
8/1/11,65.5,72.6,72.3,68.1,71.1,69.3,71.5,72.6,70.5,71.5,71,59.1,70.1,73.2,62.2,74.8,70.8,59.4,69.1,59.8,65.5,71.5,73.9,68.93043478
9/1/11,54.2,61.9,61.2,58,58.9,58.7,61.5,60,61.3,60.6,59.3,51.1,58.9,60.9,54.7,62.7,60.5,51.1,58.5,51.8,56,60.6,61.9,58.44782609
10/1/11,43.1,50,49.5,46.6,46.8,47.2,49,48.5,49.7,49.5,47.2,37.4,47.1,48.7,44,51.4,49.6,40.1,46.4,40.4,44.7,49.2,49.5,46.76521739
11/1/11,28.8,30.1,34,30.9,32.6,31.9,31.2,35.3,31.6,32.7,35.7,20.9,30.9,33.1,27.9,38.1,31.6,21.2,28.4,22.2,28,30.8,32.8,30.46521739
12/1/11,16.1,19.6,27.1,20.8,23.1,25.8,17.2,24.6,21.5,26.2,26.5,17.4,21.8,25.4,23.5,27.6,26.2,15.1,20.5,13.3,22.1,20.1,24.4,21.99565217
1/1/12,24.4,25.5,28,26.3,28.1,25.2,27,29.3,27.8,27.1,32.4,18,26,28,24.6,34.2,27.9,16.8,26.4,17.7,26.8,25.8,25.4,26.03043478
2/1/12,18.8,26.6,26.8,21.7,25.7,24.3,26.3,27.9,26.9,25.8,26,16.7,23.4,26.5,22.7,29.1,26.8,12.5,24.2,17,22.5,25.2,25.6,23.86956522
3/1/12,37,43.7,44.6,39.2,43.1,42.7,42.8,46.2,42.4,43.8,43.7,28.4,40.5,45.4,35.1,49.2,44.1,29.2,38.5,30.8,35.2,41.8,45.4,40.55652174
4/1/12,43.5,50.4,48.6,45.8,47.8,47.3,49.4,51.4,48.4,48.2,48.7,35.8,46.4,49.6,41.6,53.5,48.3,38.7,45.3,39,42.8,49.2,49.8,46.5
5/1/12,49.6,55.1,53.2,52.1,53.7,52.3,54.4,57.3,53.5,52.9,54.8,40.8,52.5,55.3,44.4,59.2,52.1,43.9,52.5,43.6,49.1,54,55.6,51.82173913
6/1/12,63.6,68.8,68.1,64.5,68.2,66.7,67.3,71.3,66.1,66.5,68,51.4,66.1,70.2,55.7,71.7,65.9,53.7,65,53.1,59.5,67.7,70.3,64.75652174
7/1/12,68.1,77.8,76.7,70.6,74.6,74.9,75.2,76,74.2,75.9,72.6,61.7,73.7,76.9,67.3,77.4,76.1,62.9,71.6,63.3,66.9,76.5,78.3,72.57391304
8/1/12,64.3,71.8,71.7,67.1,70.3,69.5,71.5,70.8,70.1,70.7,69.4,61.2,69.2,71.8,62.9,73.5,70,60.6,70.4,61.7,66.3,71.2,73.2,68.66086957
9/1/12,55.8,62.5,62.2,59,60.8,60.2,62,62.3,61.8,61.8,61.1,51.7,60.4,63.1,55.2,64.6,61.3,52.1,59.3,53,57.5,61.4,63.4,59.67391304
10/1/12,40.8,44.7,44.4,43.8,43.5,42.1,45.3,46,44.6,43.4,44.8,35.5,43.3,44.7,38.8,49.1,43.8,38.1,44.2,39.2,43.2,43.8,44.8,43.12608696
11/1/12,36.9,34.3,38.7,39.2,38.2,36,36.7,39.5,35,36.3,40.2,27.8,37.5,38.1,33.4,44.1,35.2,29.4,36.4,30.9,36.2,34,37.6,36.15652174
12/1/12,21.9,22.1,27.4,25,27.5,23.9,23,27.5,25,25.8,28.5,15.7,25.9,27.3,22,31.3,24.3,15,22.1,17.5,22,23.1,24.4,23.83478261
1/1/13,17.3,14.1,25.2,19.1,25.5,22.5,15.8,25.8,17.7,24.1,27.5,15.5,23,24.4,22.8,28.3,24.7,10.7,16.6,11.6,19.8,15.2,22.7,20.43043478
2/1/13,20.3,19.4,27.6,21,25.8,25.1,24.4,28.1,23.4,25.9,26.5,16.3,23.6,27.7,22.4,28.3,25,15.5,23.2,17.9,22.1,20.7,26.1,23.3173913
3/1/13,29.5,35.4,34.2,31.6,33.4,30.8,35.3,35.9,34.5,33.2,34,23.9,31.7,33.9,28.7,39,33.9,25.3,32.9,23.5,31.2,35,34.1,32.21304348
4/1/13,32.1,41.2,36.8,34.7,36.1,35.2,38.8,38.8,38.6,37.4,36.4,28.4,35.2,36.7,32.3,41.4,37.7,31.6,36.7,31.4,35.8,39.5,37.5,36.1
5/1/13,48.1,57.2,54.3,51.2,53.3,52.3,55.4,55.9,54.2,53.9,52.2,41.2,52.5,54.5,45.4,57.7,54.5,45.5,51.8,44.7,48.5,55.1,55.2,51.93913043
6/1/13,60.5,67,62.3,62.4,64.1,60.5,66.1,67.2,64.8,63.4,65.4,51.7,63.3,64.5,54.5,68.3,62,54.6,64.2,53.4,60,65.6,64,62.16521739
7/1/13,66,75.8,71.8,69.1,71.4,68.7,73.2,72.6,72.1,72.2,69,61.5,71.3,72.5,65.7,73.9,72.1,62.7,71.3,62.4,67.7,74.2,72.9,70.00434783
8/1/13,64.9,73.9,72.7,67.8,70.9,70.3,72.3,71.9,72,71.8,69,60.1,70.5,72.1,63.2,73,72.1,60.2,69,60.8,65.2,72.4,72.2,69.05652174
9/1/13,57.1,63.2,63.6,59.4,61.5,62.4,60.4,64,61.2,62.2,61.3,48.5,60.3,64.2,52.7,65.2,62.5,51.4,58.4,51.3,55.4,61.7,64.3,59.66086957
10/1/13,38.7,42.3,42.6,40.5,41.6,41.3,40.8,44.4,41.5,41.9,43.1,34,40.4,42.9,38.3,47.2,42.3,36.3,41.6,35.4,41.8,41.3,42.5,40.98695652
11/1/13,30.3,31.2,35.7,31.2,34.1,34.2,32.3,34.6,32.5,33.7,35.7,25.5,32.8,34.2,30.9,38,33.5,25.1,31.9,25.7,32.4,31.3,33.7,32.19565217
12/1/13,18.2,14.8,20.7,19,21.3,19.9,18.9,24.4,16.7,18.6,26,13.2,19.1,20.2,18.4,27.4,18.3,12.5,19.5,11,21.1,15.4,18.4,18.82608696
1/1/14,21.1,20.6,28.1,22.8,26.3,23.7,23.8,28.4,22.7,26.4,28.9,18.6,23.6,28,24,31.6,27.1,17.7,25.5,15.2,27.5,19.2,24.1,24.12608696
2/1/14,21.7,13.7,18.9,24.4,18.5,17.7,19.8,18.9,16.3,17.7,22.2,17.6,17.9,18,16.7,20.5,16.8,15,25.1,18.7,25.9,14,18.1,18.87391304
3/1/14,31.9,33.7,34.2,34.2,34.4,31,34.8,36,33.9,33.2,36,25.8,33.3,33.9,28.6,40.7,32.5,26.5,35.4,26.9,34.1,33,33,32.91304348
4/1/14,38.2,44.8,43,40.2,41.7,40.6,43.5,45.3,43.3,42.3,43.2,30.8,41.3,43.2,36.2,48.9,42.6,32.7,41.5,32.8,39,43.2,42.9,40.92173913
5/1/14,47.2,56,52.3,50.3,51.5,51.9,54.1,54,53.9,52.3,51.5,42.2,51.2,52.7,45.5,55.6,52.6,45,52.1,44.4,49.3,54.4,53.2,51.00869565
6/1/14,55.9,62.9,59.7,58.6,59.5,59.1,60.4,63.2,60,58.8,60.5,47.3,58.9,60.9,50.3,64,58.9,50.4,59.4,49.8,56.3,61.3,60.8,58.12608696
7/1/14,64.7,73.4,69.8,68.3,69.2,66.6,71.2,71.1,71.4,69.3,68.3,59.7,69,70.3,63.4,73,69.8,60.3,70.2,60.3,66.6,71.7,70.9,68.19565217
8/1/14,60.9,69.6,68.9,63.3,67.2,67.6,66.7,69.1,66.6,67,65.8,53.7,65.8,69.6,57.7,69.6,67.8,56.3,64,56.1,61,67.7,70.3,64.8826087
9/1/14,55.3,59.9,58.8,57.4,58.4,58.2,59.1,60.3,59.1,58.8,59.5,49.6,57.5,60.1,51.3,61.1,58,50.7,58.1,50.2,57.3,58.9,60.1,57.29130435
10/1/14,45.8,50.6,51.5,47.4,49.7,49.7,49.9,50.7,50.2,50.5,50.3,38.7,48.6,50.1,45.9,53.2,50.4,40.8,47.3,40.9,47.6,49.3,50.3,48.23478261
11/1/14,28.4,24.2,29.2,30.5,29.5,27.3,27.9,30.9,26.8,28.3,32.8,22.7,27.8,29.4,26.7,35,29.4,24.2,30.3,24.4,31.8,23.7,27.4,28.2
12/1/14,23,19.7,27.9,25.7,27.9,26.6,23.1,26.8,24.4,25.2,29.4,20.1,26.2,28,25.4,32.5,25,19.5,25.3,20.5,27.3,20.3,25.9,25.03043478
1/1/15,25,17.3,27.9,26.2,26.5,24.7,23.1,27.3,24.5,26.7,30.6,22.5,25.1,27,27.5,29.6,25.4,17.8,26.8,16.9,28.7,17.8,25.1,24.7826087
2/1/15,26.4,31.9,30.7,29.5,30.6,26.9,29.7,31.8,30.1,29.8,31.6,23.9,29.4,29.5,28.1,36.1,30,22.7,30.9,23.8,31.7,30.4,28.3,29.29565217
3/1/15,34.3,40.4,41.1,37,39,40.1,38.6,41.5,39.4,40.2,40.1,29.7,37.6,39.9,36.1,46.8,41,30.4,37,29,37.8,39,40.2,38.09565217
4/1/15,38.7,47.4,45,41.1,43.2,44.1,45.1,46.8,44.6,44.3,43.4,33.7,42.4,44.8,38.2,50.7,44.9,36.7,41.8,35.8,40.8,45,45.1,42.76521739
5/1/15,44.9,54.4,48.6,47.4,48.2,48.8,50.3,51.2,50.4,49,48.2,39.8,47.8,49.2,43,54,49.3,44.4,47.9,44.4,45.9,51.7,49.6,48.19130435
6/1/15,61.4,71,65.6,64.2,65.1,64.7,67.1,68.1,67.3,65.4,65,55.3,65.3,66.1,58.6,72,65.2,58.1,65.5,57.4,62.5,68.4,66.3,64.59130435
7/1/15,63.2,71.7,69.1,65.4,67.9,68.3,68.2,69.7,67.7,68.1,67.1,55.1,67.8,68.9,60.7,72.8,68.6,57.6,65.9,57.2,62.8,69.2,69.7,66.20434783
8/1/15,63.3,70.5,70.4,65.6,68.5,68.5,68.6,69.6,68,68.3,67.4,57.1,67.9,69.9,60.8,72.4,68.9,58.4,66,57.8,63.8,68.8,70.7,66.57391304
9/1/15,58.7,64.4,65,60.9,64.2,63,64.2,64.6,64.3,63.6,63.7,51.5,63.4,65.2,55.6,70,63.4,52.1,60.4,51.2,59.9,62.9,65.4,61.63478261
10/1/15,48.3,52.3,51.6,50.4,51.6,50.5,52.2,52.4,52.1,51.1,52,42.4,51.5,51.3,47.6,57.4,51.2,44.1,50.8,43.8,49.5,51,51.1,50.26956522
11/1/15,29.5,31.1,34.9,31.1,32.8,34.3,31,34.3,31,32.6,34.6,21.3,33.9,33.8,27.6,39.4,33.2,23.2,29.3,22.6,28.3,30.8,33.6,31.05217391
12/1/15,18.8,20.1,26.5,20.8,25.2,26.7,20,27,21.8,25.4,27.5,15.7,25.7,26,22.6,30.3,25.2,12.6,18.8,15.2,20.8,20.3,24.6,22.50434783
1/1/16,18.9,21.1,29,20.7,25.9,27.2,18.7,28.3,22.4,26.5,28.8,18,25.9,27.5,25.9,30.7,26.6,15.2,18,16.9,21.3,21.3,25.8,23.50434783
2/1/16,27.2,34.3,35.2,28.4,32.8,34.4,31.7,36,33.6,34.2,34.6,22.3,32.3,34.6,29.2,36.5,35.9,23.6,28.2,22.7,28.6,33.2,33.6,31.43913043
3/1/16,31.3,40.3,39.5,34.6,37.5,37.5,38.1,40.2,38,37.9,37.5,25.5,38,39.3,31.5,41.3,39.5,27.7,34.5,26.6,33.7,38.1,39.4,35.97826087
4/1/16,38.2,49.4,44.8,41.3,42.6,43.4,45.1,45.6,45.7,44.5,43,34.8,43.4,45,40.2,46.4,45.8,38.3,42.2,38.1,41.2,46.5,45.6,43.09130435
5/1/16,45,56.3,51.4,47.7,49.5,52.2,51,52,50.7,50.7,49,39.3,49.4,51.2,44.4,53.5,52.2,43.1,47.6,43.9,45.8,53.5,52.3,49.20434783
6/1/16,61.9,71.9,69,64.2,67.3,68,68.2,69.6,66.3,66.9,66.2,54.6,66.2,69.3,58.7,69.1,67.1,56.9,65.5,55.8,62.3,69.4,70,65.40869565
7/1/16,65.5,73.8,71.9,67.2,70.5,71.2,71.4,72.6,69.5,70.9,70.5,59.1,70.2,72.2,62.9,73,71.4,58.7,68.9,58.9,66.5,71.9,73.4,68.78695652
8/1/16,61.9,70.9,68.8,64.5,66.8,68.1,67.5,68.2,66.2,67.8,66.2,57.8,66.4,68.6,59,70.2,67.8,56.8,65.7,57.7,63.6,68.7,69.6,65.6
9/1/16,55.1,61,60.5,56,58.8,59.6,59,61.3,57.3,58.9,60,48.3,58.2,61.3,51.2,62.9,59.2,50.5,56.5,49.8,55.6,59,61.4,57.45217391
10/1/16,47.4,50,51.6,48.7,50.1,50.1,48.9,51.9,48.3,49.6,52,37.6,50.2,51.5,43.8,54.1,48.7,39.5,46.9,40,46.4,49.3,51.4,48.17391304
11/1/16,35.8,40.2,43.7,38.2,41.4,40.7,37.5,41.4,38.2,40.8,41.9,30.3,41.6,41.9,37.7,42.7,40.4,31.1,35.9,31.9,35.1,39.2,41.8,38.66956522
12/1/16,19.7,13,16.8,20.8,19.2,15.7,15.6,21.8,14.9,15.5,24.9,12.2,19.1,17.3,15.8,25.1,15.5,10.1,18.8,10.5,20.3,13.7,13.8,16.96086957
1/1/17,16.2,5.6,20,18.1,21.6,16.6,10.8,23.8,14.8,17.8,25.6,13.6,20.8,21.3,19.7,25.7,16.4,8.1,13.7,9.5,17.2,9.7,18.2,16.73043478
2/1/17,29.6,25.4,32.5,30.2,31.5,30.9,26.5,33.8,29,29.9,34.8,22.7,31.7,31.2,26.8,34.5,28.3,21.1,27.2,23.7,26.8,27.4,30.1,28.93913043
3/1/17,38,43.4,41.9,40,40.7,39.8,41.5,43,40.8,40.4,42.2,29.6,41.5,40.9,34.6,43.9,40.1,28.9,37.9,32.5,36.6,42.3,40.9,39.19130435
4/1/17,38.4,47.3,43.9,40.5,42.2,43.2,42.9,46.4,42.8,42.9,43.5,30.4,41.6,44.5,36.1,45.6,43.6,34.6,40.6,34.4,37.4,44.6,44.6,41.39130435
5/1/17,46.4,56.6,53.1,49.1,51.1,52.2,52.3,53.5,51.7,51.8,50.1,41,50.5,52.7,44.2,54.4,52.6,44.5,49.7,43.7,47.9,54.2,53,50.27391304
6/1/17,59.7,68.3,64.5,62.2,62.7,62.6,63.9,67,62.6,62.8,63.4,51.2,61.8,64.9,53.6,66.9,62.9,54.2,62.9,53.2,59.8,65.4,65.1,61.80869565
7/1/17,66.6,76.5,75.9,69.7,72.6,73.9,72.4,74.7,71.4,72.9,70.8,61.7,71.4,74.9,65.3,74.6,73.3,62.1,71.1,61.8,68.2,73.7,76,70.93478261
8/1/17,61.3,70.7,68.9,64.8,66.5,66.7,67.4,69.1,66.2,66.4,65.8,58.2,65.7,68,59.1,68.4,66.5,58,66.2,58.2,64.7,68.2,68.5,65.36956522
9/1/17,54.2,59.3,59.3,56.1,57.3,57.6,57,61,55.8,56.9,59.6,47,56.2,60.6,49.5,60.7,56.9,49.4,55.3,49.1,53.9,56.9,59.8,56.06086957
10/1/17,39.9,45.3,47.3,42.5,44,44.6,43.7,46.3,41.6,44.5,45.5,33.8,42.7,46.3,38.9,49.1,45.1,36.3,41.5,35.8,41.4,43,45.6,42.81304348
11/1/17,36.9,33.8,37.8,38.2,37.5,35.9,36.4,40,33.5,34.7,40.9,26.8,36.6,38.4,31,43.1,34.5,29.2,35.8,27.2,36,33.2,36.1,35.36956522
12/1/17,24.7,20,26.2,26.4,24.8,24.1,21.7,26.3,21.1,24.2,30.7,19.7,22.8,24.7,24.5,28.5,24.4,21.7,27.3,17.9,29.2,19.9,22.4,24.05217391
1/1/18,26.7,18,28,27.7,25.2,24.1,22.1,24.9,23.2,25.5,31.1,21.3,25.4,23,26.6,27.9,24.1,20.1,26.1,19.1,27.9,19.2,21.9,24.30869565
2/1/18,22.7,11.5,18.5,23.5,20.1,14.8,19.5,24.6,16,16.2,25,15.8,18.7,17,16.9,24.9,13.5,17.8,24.4,18.1,23.3,13.2,14.4,18.71304348
3/1/18,31.2,35.8,35.3,33.7,35.7,32.1,36.2,38.4,34.1,33.2,36.8,23.3,33.9,35.2,29.4,39.9,32.5,25.6,33.2,24.2,30.4,34,33.5,32.93913043
4/1/18,39,43.6,40.6,41.6,40.5,39.3,42.9,42.4,40.8,39.7,41.8,32.5,40.1,40.7,35.7,44,39.8,36.3,41.9,35.2,40.8,42.2,39.9,40.05652174
5/1/18,50.9,59.8,57.6,53.2,55.3,55.6,55.4,58.1,54.1,55.6,55,43.5,53.7,57.2,48.1,58.1,56.2,47.2,53.3,46.8,50.6,56.9,57.4,53.89565217
6/1/18,61.3,66.7,65,62.9,63.9,63.7,64.3,68.2,62,63.2,65.5,51.6,62.7,65.5,53.1,67.4,62.3,54.5,63.6,52.5,60.9,64.7,65.3,62.20869565
7/1/18,65,74.7,70.8,69.3,69.4,68.8,71.3,72.4,69.8,69.8,69.1,61.5,70.2,70.6,64.8,71.9,70.3,61.6,70.9,60.8,68.2,72.3,70.4,68.86521739
8/1/18,62,69.7,67.3,65.4,66.2,66.7,68.1,68.4,67,66.6,65.9,58.3,66.1,67.4,59.4,68.4,67.1,58.2,67.1,57.7,65.1,67.8,67.7,65.37391304
9/1/18,57.6,60.7,60.3,59.7,61,59.5,60.9,62.7,60.1,58.1,62.2,52.2,58.5,62.3,53,63.6,57.1,50.9,60.2,50.5,59.7,58.8,61.2,58.73043478
10/1/18,40.2,44.8,44,42.3,43.1,42.3,43.9,45.5,43.9,43.2,44.2,35.3,42,43.9,39.5,45.3,43.1,38.2,42.4,38.3,40.9,43.7,43.1,42.30869565
11/1/18,26.9,30.8,32.9,29.2,31.1,31.6,28.1,33.1,28.2,31.6,33.3,22.5,30.9,31.7,28,34.3,32.2,23.7,28.2,22.6,29.6,29.1,31.1,29.59565217
12/1/18,18.9,21.3,28.1,22,27.6,26.2,19.9,28.3,22.8,27.6,28.9,16,24.3,27.5,22.2,30.5,28.1,12.5,18.8,14.9,20.7,20.4,24.2,23.1173913
1/1/19,18.7,21.1,27.2,20.6,26.4,25.6,16.7,28.5,21.7,25.6,29.8,18.2,22.7,26.5,24.6,30.4,25.6,13.5,17.5,13.8,19.9,20.3,24.1,22.56521739
2/1/19,21.1,14,12.7,22.1,19.3,10.4,16.9,19.5,13.3,11.8,24.8,14.2,17.5,14.3,16.1,23.6,11.5,11.1,17.4,15.6,18.5,13.6,11.8,16.13478261
3/1/19,25.4,29.7,28.5,27.3,28.3,26.6,30.4,30.1,28.6,28.3,30.7,22.8,27.4,27.5,26.8,32.4,28.1,20.9,26.6,22.5,25.1,28.5,26.8,27.36086957
4/1/19,40.4,47.5,43.8,42.3,43.4,43,44.5,46.3,44,43,44,32.7,42.1,44.4,36.7,48.7,44,35.9,41.2,36.1,40,45.3,44.1,42.32173913
5/1/19,42.7,51.2,45.4,45.1,45.3,44.5,47,48.1,46.7,45.9,46,37,44.4,46,39.9,49.4,47.6,40.9,44.8,40.9,43.7,48.6,46.1,45.09565217
6/1/19,55.8,64.7,60,58.3,60.1,59.7,61.3,63.1,59.1,60,59.6,47.2,59,61.8,50.8,63.5,60.5,51,58.1,50.3,54.5,62.2,61.8,58.36521739
7/1/19,65.7,73.3,68.7,68.7,69.4,67.5,70.1,71.3,67.8,68.6,69.7,58.9,68.6,70.1,63.2,71.6,69,59.2,69,59.5,64.7,70.8,70,67.62608696
8/1/19,64.5,72.5,68.8,66.9,69.2,66.7,69.8,70.4,67.9,68.1,69.4,58.7,67.9,69.6,60.8,71.2,68.4,58.4,67.9,58.8,64.1,69.8,69.4,66.92173913
9/1/19,58.2,61.7,61.9,59.2,61.6,60.5,60.2,63.8,58.8,60.5,63.2,47.9,60,63.2,51.9,64.9,60.3,50.4,58.4,49.3,55.1,60,62.2,58.83478261
10/1/19,34.2,38.2,38.2,35.9,36,35.3,36.9,39.2,35.2,36.3,39.6,26.5,35.9,38.2,31.5,41.2,36.5,30.3,36,29,34.6,37,37.7,35.62608696
11/1/19,30.4,31,33.3,31.1,30.7,32.3,29.2,31.8,29.7,31.3,33.6,25.6,30.4,31.5,29,32,31.1,27.6,31.7,26.8,32.4,29.7,31.4,30.59130435
12/1/19,21,23.7,30.8,23,28.6,29.8,17.7,29.5,24.1,28.3,30.8,16.4,24.1,28.8,24.2,31,28.2,11,19.1,16.7,20,21.3,28,24.17826087
1/1/20,22.7,27.2,29.4,23.5,28.8,28,22.9,30.7,26,28.3,30.9,16.3,24.7,29,24.3,31.4,27.3,13.2,21.4,18.1,22.7,26,25.9,25.16086957
2/1/20,18.5,19.1,25.5,18.3,23.1,22.6,16.4,26.7,20,23.2,25.8,15.1,18.9,24.8,20.3,27.2,24,10.3,19.1,12.8,20,19.6,23.1,20.62608696
3/1/20,32.6,37.3,35.9,33.9,36,33.8,34.5,38.4,34.5,34.3,37.1,25,33.1,36.7,29,39.5,35.5,25.7,32.9,26.7,30.7,35.9,35.6,33.67826087
4/1/20,35.9,42.5,38.7,38.4,38.7,36.5,40.7,41.9,38.9,38.6,39.4,30.1,37.6,39.8,33.2,43,39.1,32.7,39,31.3,38,39.8,39.1,37.95217391
5/1/20,49.8,57.4,51.8,51.3,52.4,50.9,54.6,56.1,53.2,52.1,53.2,41.3,51.3,53.7,44.7,56.9,52.7,44.7,51.7,44.1,48.5,55.1,52.7,51.31304348
6/1/20,60.1,67.4,66,61.4,65.4,65.3,64.4,68.7,63.4,64.3,65.4,47.9,62.3,67.6,52.6,69.7,65,52.5,60.7,50.8,55.7,65.3,67,62.12608696
7/1/20,65.7,73.3,71.7,67.5,71.8,69.8,72,74,69.5,70.5,70.4,57.4,69.4,73.9,61,75.8,71.5,58.2,69,57.7,64.3,71.2,73.3,68.64782609
8/1/20,68,74.6,72.9,69.5,72.7,70.3,73.2,73.5,71.3,71.5,71.8,62.6,70.5,73.8,63,75.7,72.1,61.2,70.7,61.2,67.7,72.4,73.7,70.16956522
9/1/20,54.1,60.8,60.8,56,58.9,57.5,59.2,59.5,58.9,59.4,59.3,49.9,56.6,59.6,53.8,62,59.6,49.9,56.2,49.7,54.7,58.8,59.2,57.14782609
10/1/20,39.1,42.2,42.9,43.4,41.9,39.4,43.6,42.6,40.4,41.4,44.5,37.7,42.1,41.9,39.2,46.6,40.7,38.3,44.2,37.7,44.2,41.4,41.2,41.59130435
11/1/20,33.6,33.7,39.2,35.4,37.8,36.5,34.5,38.9,33.1,37.3,39.8,24.6,35.3,38.8,32.1,42.6,37,25.2,31.8,24,31.4,33.4,38.4,34.53913043
12/1/20,19.2,25.8,31.4,23,29.1,30.9,23.5,30.8,26.7,30,31.3,17.6,25.4,30.3,24.4,33.6,31.8,16.8,21.6,14.7,23.4,24.8,29,25.87391304
1/1/21,20.6,26.4,29.5,20.8,26.2,29,24.7,28.4,25.3,26.9,29.6,19,24.4,27.1,24.1,30.2,28.1,16.3,22.6,14.3,23.7,25.2,26.4,24.73043478
2/1/21,17.4,13.6,15.3,19.8,16,15.5,19,18,14.1,15.6,21.9,17.8,16.1,16.1,17.6,20.3,13.9,15.2,20.3,17,22.5,14.5,14.5,17.04347826
3/1/21,30.2,36.6,37.8,32.6,33,37.2,35.4,35.3,33.8,35.4,34,26.6,31.7,35.2,30.9,36.4,36.6,26.5,31.5,25.3,30.3,35.5,36.5,33.23043478
4/1/21,35.4,43.1,41,38,39.5,39.5,41,42.2,38.7,39.9,39.8,31.6,38.1,40.6,33.9,43.5,41.6,34.2,37.9,32.7,37.4,41,40.7,38.75217391
5/1/21,47.7,55.2,51.9,50.2,50.6,50.3,52.4,53.7,50.8,51.4,50.7,41.7,49.6,52.5,44,54.2,51.9,44.6,49.9,44.2,48.8,53.1,52.3,50.07391304
6/1/21,63,72.8,69.8,65,69.2,68.1,70.3,70.3,67.4,69,66.1,56.4,66.7,70.1,60.5,70.1,69.2,58.9,66,58.2,63.9,70.3,70.6,66.60434783
7/1/21,67.8,77.5,76,71.1,74.3,75,75.3,74.7,72.9,74.4,70.9,63.4,72.3,75.4,66.3,74.9,75.6,64.5,72.3,64,69.1,75.5,76.2,72.14782609
8/1/21,63.4,69.5,69.8,65.2,68.7,68.5,68.5,70.4,66.1,67.9,68.7,56.7,66.3,70.6,59.6,71,68.2,58.1,65.9,57.6,63.2,67.7,70.2,66.16521739
9/1/21,57.7,62.5,64.6,58.4,62.7,63.4,62.8,63.7,60.6,62.9,63.3,51.8,60.4,64.8,55.1,65.3,62.5,51.7,58.5,50.4,58.2,60.8,64.4,60.2826087
10/1/21,43.5,48,48.9,44.6,46.7,48.5,46.6,48.9,45.7,47.7,49.1,37,45.4,48.9,42.4,52.1,47.8,40,43.6,39.6,43.1,46.6,48.5,45.79130435
11/1/21,36.6,38.3,41.8,38,39.9,39.6,39.7,41,36.8,40.3,41.6,30,39.6,41.1,34.4,43.8,40.6,32,36.5,30.2,37.3,38,39.3,38.10434783
12/1/21,28.2,26.1,28.9,28.5,31.6,27.8,31,33.9,27.6,28.9,34.2,20.3,29.3,31.1,25.7,36.3,25.7,21.3,26.1,22.1,27.2,26.4,27.5,28.07391304
1/1/22,20,17.4,28.2,21.2,27.5,25.9,24.1,27.8,22.9,26.8,28.5,20,25.5,26.8,25.6,30.7,25.3,14,22.5,12.1,24.8,19.2,24.3,23.52608696
2/1/22,18,21.2,25.5,19.2,23,23,23,25.1,21,23,24.6,16.2,20.4,24,20.5,26.8,23.7,15.3,20.5,13.1,22,19.7,23.6,21.40869565
3/1/22,29.1,35.8,36.6,31.1,33.8,34.4,35.6,36.1,33.1,35.2,34.9,27,31.6,35.4,30.7,37.3,36.3,26.8,31.3,25.8,32.1,34.1,35.2,33.01304348
4/1/22,37,40,38.3,38.7,38,36.5,39.4,42.2,37.8,36.9,41,29,36.2,39.9,31.4,43,38.4,31.6,37.5,29.6,36.3,38.2,38.9,37.20869565
5/1/22,46.5,53.3,50.9,47.8,49.2,50,50.6,53,49.3,49.3,51.5,36.5,47.6,51.9,40.5,54.7,50.8,40.8,46.3,39.6,44.7,51.3,51.3,48.14782609
6/1/22,59.7,65.1,62.6,60.3,63,61.2,63,66.9,60.3,61.8,64.7,49,60.7,64.6,51.4,66.1,62.1,51.6,59.7,50.8,57,63.1,63.6,60.36086957
7/1/22,67.8,76.3,73.1,69.9,73.2,71.2,74.2,75.3,71.5,72.4,72,62.8,70.9,75,63.9,75.7,73.4,62.5,71,62.2,68.8,74.2,74.3,70.93913043
8/1/22,65.5,73.8,73.4,68.5,71.9,71.9,71.7,73.5,70.2,71.6,70.5,60.5,69.7,73.6,62.6,74.4,73.3,60.9,69,61.4,65.9,72.1,74,69.56086957
9/1/22,58.4,65,64.7,61,62,63.8,64.5,64.5,63.3,63.8,63.2,54.3,61.8,65.5,56.2,65.9,64.5,54.1,61.3,54,59.4,63.8,65.5,61.76086957
10/1/22,42.9,47.8,48.7,44.3,46.5,46.3,48.3,48.8,47.1,47.6,49,38.3,46.2,48.5,42.6,50.5,48.4,40.1,44.6,39.6,44.4,46.7,48.2,45.88695652
11/1/22,25.5,21.9,29.3,26.7,28.3,26.6,27.7,30.7,24,26.6,31.4,18.8,26.9,29.9,22.5,33.5,26.1,20.5,24.6,17.8,25.2,24.4,28.1,25.95652174
12/1/22,21.9,14.2,20.1,21.2,23.3,18.9,14.7,23.3,15.9,18.7,27.2,13.4,21.2,22.4,19,27.5,17,12.1,17.6,13.9,19.8,15,19.8,19.04782609
1/1/23,20,19.8,26.6,21,23.3,26,12.9,24.9,19.4,24.2,26.3,15.7,22.2,25.3,19.5,28.1,25.7,11.6,16.7,14.8,18.6,19.6,25.5,21.20434783
2/1/23,19.6,16.5,25.1,18.9,23,24.4,11.5,25.8,17.2,22.4,27.1,15.7,19.1,24.8,20.3,28.1,21.6,9.1,14.4,12.6,16.9,17.2,24.2,19.80434783
3/1/23,24.1,28.2,28,23.5,27.9,26.7,21.4,32.7,24,25.5,30.2,15.9,23.7,29.8,21.5,33.8,23.4,12.6,20.4,17.4,19.7,27.2,28.6,24.6173913
4/1/23,34.6,43.6,40.5,35.7,39,39.1,38.2,42.7,38.7,40.1,40.9,27.3,37,40.3,32.5,43.3,40.4,26.8,33.2,28.7,31.4,41.2,40,37.1826087
5/1/23,51,61,57.2,52.9,56.3,56.7,56.9,58.3,55.6,56.6,54.7,43.8,54.6,58,48.8,59.1,57.6,46.7,52.5,46.7,49.7,58.1,58.4,54.4
6/1/23,57.2,64.7,62.1,58.8,60.8,61.6,60.9,64.4,59.7,61,60.6,47.7,59,63,50.5,64.7,61.9,51.4,57.8,50.9,54.5,62.6,63.8,59.11304348
7/1/23,64.9,72.8,70.1,67.8,69,67.8,70.4,70.8,68.5,68.8,68.1,60.6,68,70.1,61.3,71.7,69.1,60.9,69,60.6,66.7,70.7,70.3,67.73913043
8/1/23,64.1,72,70.9,65.6,69.2,68.2,68.6,70.7,68.5,68.5,67.3,57.3,66.8,70.7,60,71.5,69.3,59,66.3,58.3,63.8,70.1,71.1,66.86086957
9/1/23,57,63.7,63.9,58.5,61.7,61.6,62,63.1,60.3,62,61.8,49.2,60.4,63.9,52.7,65.5,62.3,50.4,58,50.6,56.4,62.6,64.8,59.66956522
10/1/23,44.8,45.1,46.8,45.1,45.7,45,47.2,47.9,43.4,45.4,48.1,38.8,45.1,46.6,41.2,49.5,46,41.1,45.3,40,45.4,45.3,46.6,45.0173913